index	rom_addr	header	japanese	english
0	010A10		アーノルド	Arnold
1	010A15		アイアンサイド	Aiansaid
2	010A1C		アイルトン	Ailton
3	010A21		アダム	Adam
4	010A24		アックス	Ax
5	010A28		アベル	Abel
6	010A2B		アマルガン	Amalgan
7	010A30		アルバート	Albart
8	010A35		アルフレッド	Alfured
9	010A3B		アルベルト	Albert
10	010A40		アレックス	Arex
11	010A45		アレン	Aren
12	010A48		アンソニー	Ansonee
13	010A4D		アンダーソン	Anderson
14	010A53		アンディ	Andy
15	010A57		アントニオ	Antonio
16	010A5C		アンドレ	Andore
17	010A60		イジュラン	Ijuran
18	010A65		インディ	Indy
19	010A69		ウィットニー	Witonee
20	010A6F		ウィットマン	Witoman
21	010A75		ウィリー	Wiree
22	010A79		ウィリアム	Wiriam
23	010A7E		ウィングス	Wingus
24	010A83		ウイリアム	Uiriam
25	010A88		ウインター	Uintar
26	010A8D		ウェバー	Webar
27	010A91		ウェルズ	Welz
28	010A95		ウォーゼル	Worzel
29	010A9A		ウォーリー	Worree
30	010A9F		ウォーター	Wortar
31	010AA4		ウォラック	Worak
32	010AA9		ウォルター	Woltar
33	010AAE		ウッデイ	Udei
34	010AB2		エイブラハム	Eiburaham
35	010AB8		エステベス	Esutebes
36	010ABD		エディ	Edi
37	010AC0		エド	Ed
38	010AC2		エドウィン	Edowin
39	010AC7		エドガー	Edgar
40	010ACB		エドバーグ	Edobarg
41	010AD0		エドモンド	Edomond
42	010AD5		エドワード	Edoward
43	010ADA		エバンズ	Evan
44	010ADE		エマーソン	Emarson
45	010AE3		エミリオ	Emily
46	010AE7		エリオット	Elliot
47	010AEC		エリック	Eric
48	010AF0		エルビス	Ellis
49	010AF4		エンツォ	Entso
50	010AF8		エンデ	Ende
51	010AFB		オーウェル	Orwell
52	010B00		オーサ	Orsa
53	010B03		オズボーン	Ozuborn
54	010B08		オットー	Otor
55	010B0C		オバノン	Obannon
56	010B10		オリバー	Oribar
57	010B14		オルドリッチ	Oldoricchi
58	010B1A		カーク	Kark
59	010B1D		カーズ	Karz
60	010B20		カーツ	Karts
61	010B23		カーペンター	Karpentar
62	010B29		カーマイン	Karmain
63	010B2E		カールソン	Carlson
64	010B33		カーロス	Karros
65	010B37		カイザー	Kaizar
66	010B3B		カイザート	Kaizart
67	010B40		カイン	Cain
68	010B43		カエサル	Kaesal
69	010B47		カザン	Kazan
70	010B4A		カシス	Kashis
71	010B4D		カシム	Kashim
72	010B50		カスター	Kasutar
73	010B54		カッシング	Kashing
74	010B59		カッツ	Katsu
75	010B5C		カフマン	Kafuman
76	010B60		カプラン	Caplan
77	010B64		カムイ	Kamui
78	010B67		カラハーン	Karaharn
79	010B6C		カラベル	Karabel
80	010B70		カラマゾフ	Karamazof
81	010B75		カル	Kal
82	010B77		カルタス	Kaltas
83	010B7B		カルバン	Kalban
84	010B7F		カルロス	Kalros
85	010B83		ガーディナー	Gardinar
86	010B89		ガーリック	Garrik
87	010B8E		ガイ	Gai
88	010B90		ガイスト	Gaisut
89	010B94		ガイラー	Gairar
90	010B98		ガストン	Gaston
91	010B9C		ガッシュ	Gash
92	010BA0		ガルシア	Galshia
93	010BA4		ガルシアン	Galshian
94	010BA9		キース	Kees
95	010BAC		キートン	Keeton
96	010BB0		キッド	Kid
97	010BB3		キニスン	Kinisun
98	010BB7		キャメロン	Kyameron
99	010BBC		キャロット	Kyarot
100	010BC1		キューブ	Kyoob
101	010BC5		キングストン	Kingusuton
102	010BCB		キンバリー	Kinbaree
103	010BD0		キンブル	Kinbul
104	010BD4		ギゼ	Gize
105	010BD6		ギネス	Gines
106	010BD9		ギブスン	Gibusun
107	010BDD		ギャバン	Gyaban
108	010BE1		ギュンター	Gyuntar
109	010BE6		ギルフォード	Gilford
110	010BEC		クォーター	Kwortar
111	010BF1		クック	Kuk
112	010BF4		クラーク	Kurark
113	010BF8		クライブ	Kuraib
114	010BFC		クラウディ	Kuraudi
115	010C01		クリス	Curtis
116	010C04		クリスチャンセン	Kurisuchansen
117	010C0C		クリストファー	Kurisutofar
118	010C13		クリン	Kurin
119	010C16		クルーズ	Kurooz
120	010C1A		クレイブ	Kureib
121	010C1E		クレバー	Kurebar
122	010C22		クロード	Kurord
123	010C26		クロス	Kuros
124	010C29		グース	Goos
125	010C2C		グイン	Guin
126	010C2F		グスタフ	Gusutaf
127	010C33		グッドマン	Gudoman
128	010C38		グッフィ	Guffi
129	010C3C		グリーン	Gwen
130	010C40		グリフィン	Gurifin
131	010C45		グリム	Gurim
132	010C48		グレート	Gurayt
133	010C4C		グレゴリー	Guregoree
134	010C51		グレッグ	Gureg
135	010C55		グレン	Gwen
136	010C58		ケヴィン	Kevin
137	010C5C		ケビン	Kebin
138	010C5F		ケリー	Kerrie
139	010C62		ケント	Kent
140	010C65		ゲーリー	Gail
141	010C69		ゲイリー	Geiree
142	010C6D		ゲルトリンガー	Geltoringar
143	010C74		ゲルハルト	Gelhalt
144	010C79		コーエン	Koren
145	010C7D		コジャック	Kojak
146	010C82		コスナー	Kosunar
147	010C86		コナン	Conan
148	010C89		コリンズ	Colin
149	010C8D		コング	Kong
150	010C90		ゴーザ	Gorza
151	010C93		ゴードン	Gordon
152	010C97		ゴルドン	Gordon
153	010C9B		ゴンザレス	Gonzares
154	010CA0		サイクス	Saikus
155	010CA4		サイゾウ	Saizo
156	010CA8		サイモン	Saimon
157	010CAC		サウザント	Sauzant
158	010CB1		サザビー	Sazabee
159	010CB5		サスケ	Sasuke
160	010CB8		サミー	Samee
161	010CBB		サム	Sam
162	010CBD		サムソン	Samson
163	010CC1		サランドン	Sarandon
164	010CC6		サリバン	Sariban
165	010CCA		サンダース	Sandars
166	010CCF		ザック	Zak
167	010CD2		ザッパ	Zapa
168	010CD5		ザビエル	Zabiel
169	010CD9		シーガル	Sheegal
170	010CDD		シーザー	Sheezar
171	010CE1		シーン	Sheen
172	010CE4		シェーンベルグ	Shaynbelg
173	010CEB		シェイカー	Sheikar
174	010CF0		シオン	Shion
175	010CF3		シド	Shid
176	010CF5		シモンズ	Shimonz
177	010CF9		シャロット	Sharot
178	010CFE		シャイダー	Shaidar
179	010D03		シャフト	Shafut
180	010D07		シュナイダー	Shunaidar
181	010D0D		ショーター	Shortar
182	010D12		ショーン	Shorn
183	010D16		ショット	Shot
184	010D1A		シルフィード	Shilfeed
185	010D20		シングルトン	Shingulton
186	010D26		シンバル	Shinbal
187	010D2A		ジーク	Jeek
188	010D2D		ジーン	Jeen
189	010D30		ジェイムズ	Jeimuz
190	010D35		ジェフリー	Jefuree
191	010D3A		ジェラール	Jerarl
192	010D3F		ジェリド	Jerid
193	010D43		ジギー	Jigee
194	010D46		ジャック	Jak
195	010D4A		ジャド	Jad
196	010D4D		ジャンク	Jank
197	010D51		ジョーダン	Jordan
198	010D56		ジョスター	Josutar
199	010D5B		ジョルジュ	Jolj
200	010D60		ジョンソン	Jonson
201	010D65		ジラルド	Jirald
202	010D69		スコット	Scott
203	010D6D		スタージョン	Sutarjon
204	010D73		スターン	Sutarn
205	010D77		スタイン	Sutain
206	010D7B		スタインバーグ	Sutainbarg
207	010D82		スタンレー	Sutanray
208	010D87		スチール	Sucheel
209	010D8B		スチュアート	Suchuart
210	010D91		スティーブ	Suteeb
211	010D96		スティーブン	Suteebun
212	010D9C		スティング	Suting
213	010DA1		ストーン	Sutorn
214	010DA5		ストレイカー	Sutoreikar
215	010DAB		スパイク	Supaik
216	010DAF		スパイダー	Supaidar
217	010DB4		スペンサー	Supensar
218	010DB9		スミス	Sumis
219	010DBC		スモーキー	Sumorkee
220	010DC1		スレイター	Sureitar
221	010DC6		セバスチャン	Sebasuchan
222	010DCC		セルゲイ	Sergei
223	010DD0		セルジオ	Seljio
224	010DD4		セルジュ	Selj
225	010DD8		セルバンテス	Selbantes
226	010DDE		セレック	Serek
227	010DE2		ゼット	Zet
228	010DE5		ゼメキス	Zemekis
229	010DE9		ゼリグ	Zerig
230	010DEC		ゼル	Zel
231	010DEE		ソンガス	Songas
232	010DF2		ゾック	Zok
233	010DF5		タッカート	Takart
234	010DFA		タトゥーロー	Tatoooror
235	010E00		ダイスン	Daisun
236	010E04		ダグラス	Daguras
237	010E08		ダスティン	Dasutin
238	010E0D		ダニエル	Daniel
239	010E11		ダビッド	Dabid
240	010E15		ダビッドソン	Dabidoson
241	010E1B		ダリ	Dari
242	010E1D		ダルタニアン	Daltanian
243	010E23		チェンバレン	Chenbaren
244	010E29		チップス	Chipus
245	010E2D		チャーチル	Charchil
246	010E32		チャーリー	Charle
247	010E37		チャールズ	Charlz
248	010E3C		チャック	Chak
249	010E40		ティム	Tim
250	010E43		テイラー	Teirar
251	010E47		テッド	Ted
252	010E4A		テディ	Tedi
253	010E4D		テリー	Teree
254	010E50		テンスベルガー	Tensubelgar
255	010E57		ディーコン	Deacon
256	010E5C		ディーノ	Deeno
257	010E60		ディーン	Deen
258	010E64		ディアズ	Diaz
259	010E68		ディック	Dick
260	010E6C		ディッケル	Dikel
261	010E71		ディベルカ	Dibelca
262	010E76		ディム	Dim
263	010E79		ディロン	Diron
264	010E7D		ディンゲス	Dinges
265	010E82		デイトリッヒ	Deitorihhi
266	010E88		デイビス	Deibis
267	010E8C		デイビッド	Deibid
268	010E91		デニス	Denis
269	010E94		デューク	Deyook
270	010E98		デュラン	Deyuran
271	010E9C		デルタ	Delta
272	010E9F		トーマス	Tormas
273	010EA3		トト	Tot
274	010EA5		トニー	Tonee
275	010EA8		トミー	Tomee
276	010EAB		トム	Tom
277	010EAD		トランザム	Toranzam
278	010EB2		トレバー	Torebar
279	010EB6		トンプソン	Tonpuson
280	010EBB		ドースン	Dorsun
281	010EBF		ドーマ	Doma
282	010EC2		ドイル	Doil
283	010EC5		ドグ	Dog
284	010EC7		ドナルド	Donald
285	010ECB		ドノバン	Donovan
286	010ECF		ドレイン	Dorein
287	010ED3		ドレファス	Dorefas
288	010ED8		ナイジェル	Naijel
289	010EDD		ナジェル	Najel
290	010EE1		ナッシュ	Nash
291	010EE5		ナバール	Naball
292	010EE9		ニーダム	Needam
293	010EED		ニール	Neel
294	010EF0		ニールソン	Neelson
295	010EF5		ニコライ	Nikorai
296	010EF9		ニコラス	Nikoras
297	010EFD		ニッキー	Nikee
298	010F01		ニッセル	Nisel
299	010F05		ニューマン	Nyooman
300	010F0A		ニルソン	Nilson
301	010F0E		ネイザン	Neizan
302	010F12		ネルソン	Nelson
303	010F16		ノートン	Norton
304	010F1A		ノーマン	Norman
305	010F1E		ハーン	Harn
306	010F21		ハイゼン	Haizen
307	010F25		ハイマー	Haimar
308	010F29		ハウエル	Hauel
309	010F2D		ハッカー	Hakar
310	010F31		ハックマン	Hakuman
311	010F36		ハドソン	Hadoson
312	010F3A		ハミルトン	Hamilton
313	010F3F		ハリー	Harleq
314	010F42		ハル	Hal
315	010F44		ハロルド	Harold
316	010F48		ハワード	Haward
317	010F4C		ハンス	Hans
318	010F4F		ハンニバル	Hannibal
319	010F54		ハンフリー	Hanfuree
320	010F59		ハンプシャー	Hanpushar
321	010F5F		バークレー	Barkuray
322	010F64		バース	Bars
323	010F67		バートン	Barton
324	010F6B		バーナード	Barnard
325	010F70		バーニィ	Barnya
326	010F74		バーン	Barn
327	010F77		バーンスタイン	Barnsutain
328	010F7E		バーンズ	Barnz
329	010F82		バイソン	Baison
330	010F86		バクスター	Bakusutar
331	010F8B		バグシー	Bagushee
332	010F8F		バスカーク	Basukark
333	010F94		バスター	Basutar
334	010F98		バズ	Baz
335	010F9A		バダム	Badam
336	010F9D		バリウス	Barius
337	010FA1		バリントン	Barinton
338	010FA6		バルサザール	Balsazarl
339	010FAC		バレンタイン	Barentain
340	010FB2		バロウズ	Baroz
341	010FB6		バロン	Baron
342	010FB9		バンクロフト	Bankurofut
343	010FBF		パーカー	Parkar
344	010FC3		パーキンス	Parkins
345	010FC8		パーティス	Paris
346	010FCD		パウエル	Pauel
347	010FD1		パスカル	Pasukal
348	010FD5		パット	Pat
349	010FD8		パディソン	Padison
350	010FDD		パトラッシュ	Patorash
351	010FE3		パトレック	Patorek
352	010FE8		パド	Pad
353	010FEA		ヒューイ	Hyooi
354	010FEE		ヒューゴ	Hyoogo
355	010FF2		ヒューズ	Hyooz
356	010FF6		ヒューラー	Hyoorar
357	010FFB		ビーン	Been
358	010FFE		ビクスビー	Bikusubee
359	011003		ビクター	Bikutar
360	011007		ビッケ	Bike
361	01100A		ビトー	Victor
362	01100D		ビル	Bil
363	01100F		ビンセント	Binsent
364	011014		ピーター	Peetar
365	011018		ピエール	Piayl
366	01101C		ピックス	Pix
367	011020		ピッツァ	Pitsa
368	011024		ピピン	Pipin
369	011027		フィッシャー	Fishar
370	01102D		フィリップ	Firip
371	011032		フィロウ	Fillow
372	011036		フィンク	Fink
373	01103A		フィンチャー	Finchar
374	011040		フェルドマン	Feldman
375	011046		フォーク	Fork
376	01104A		フォーダム	Fordam
377	01104F		フォード	Ford
378	011053		フォーミン	Formin
379	011058		フォックス	Fox
380	01105D		フォレスト	Foresut
381	011062		フォワード	Foward
382	011067		フット	Fut
383	01106A		フランク	Furank
384	01106E		フランクリン	Furankurin
385	011074		フリップ	Furip
386	011078		フレディー	Furedee
387	01107D		フレデリック	Furederik
388	011083		フレドー	Furedor
389	011087		ブライアン	Buraian
390	01108C		ブラウン	Buraun
391	011090		ブラッキィ	Buraki
392	011095		ブラックス	Burax
393	01109A		ブラックバーン	Burakubarn
394	0110A1		ブラット	Brat
395	0110A5		ブラッドベリ	Buradoberi
396	0110AB		ブランドル	Burandol
397	0110B0		ブリッド	Bridd
398	0110B4		ブルース	Buroos
399	0110B8		ブルーノ	Buroono
400	0110BC		ブルックナー	Bulkunar
401	0110C2		ブレイク	Bureik
402	0110C6		ブロディ	Burodi
403	0110CA		ブロンソン	Buronson
404	0110CF		プルート	Puroot
405	0110D3		プレザンス	Purezans
406	0110D8		ヘクター	Hekutar
407	0110DC		ヘルナンデス	Helnandes
408	0110E2		ヘンドリクセン	Hendorikusen
409	0110E9		ヘンリー	Henree
410	0110ED		ベータ	Bayta
411	0110F0		ベイダー	Beidar
412	0110F4		ベッカー	Bekar
413	0110F8		ベネディクト	Benedict
414	0110FE		ベモンド	Vemonde
415	011102		ベルガー	Belgar
416	011106		ペペロ	Pepero
417	011109		ペリー	Peree
418	01110C		ホーガン	Hogan
419	011110		ホーク	Hork
420	011113		ホィットマン	Hoitoman
421	011119		ホセ	Hose
422	01111B		ボーヴィル	Borvil
423	011120		ボイル	Boil
424	011123		ボウイ	Boi
425	011126		ボギー	Bogee
426	011129		ボブソン	Bobuson
427	01112D		ボルト	Bolt
428	011130		ポール	Porl
429	011133		ポナパルト	Ponapalt
430	011138		マーク	Mark
431	01113B		マーチス	Marchis
432	01113F		マーチン	Marchin
433	011143		マーティー	Marlth
434	011148		マーフィー	Marfee
435	01114D		マーベリック	Maverick
436	011153		マーベル	Marbel
437	011157		マーロー	Marror
438	01115B		マイク	Maik
439	01115E		マイケル	Maikel
440	011162		マイヤー	Maya
441	011166		マイルス	Mails
442	01116A		マクノートン	McNorton
443	011170		マクファーソン	Makufarson
444	011177		マクレーン	Makurayn
445	01117C		マクレディ	Makuredi
446	011181		マゼラン	Mazeran
447	011185		マッキンリー	Makinree
448	01118B		マックスウェル	Makusuwel
449	011192		マット	Mat
450	011195		マディスン	Madisun
451	01119A		マホニー	Mahonee
452	01119E		マルコ	Malko
453	0111A1		マルコス	Malkos
454	0111A5		マルコビッチ	Malkobicchi
455	0111AB		マルコム	Malcolm
456	0111AF		マルティン	Marty
457	0111B4		マルトン	Mallon
458	0111B8		ミッキー	Mikee
459	0111BC		ミッシェル	Mishel
460	0111C1		ムーア	Mooa
461	0111C4		ムサシ	Musashi
462	0111C7		ムスターファ	Musutarfa
463	0111CD		ムスタング	Musutang
464	0111D2		ムッソリーニ	Musoreeni
465	0111D8		メイヤード	Meiyard
466	0111DD		メンドーサ	Mendorsa
467	0111E2		モーガン	Morgan
468	0111E6		モーゼス	Morzes
469	0111EA		モートン	Morton
470	0111EE		モービィ	Morbi
471	0111F2		モービル	Morbil
472	0111F6		モーリス	Morris
473	0111FA		モリスン	Morisun
474	0111FE		モレノ	Moreno
475	011201		モロダー	Morodar
476	011205		モンタナ	Montana
477	011209		ヤコブ	Yakob
478	01120C		ヤシム	Yashim
479	01120F		ヤング	Yang
480	011212		ユーゴス	Yoogos
481	011216		ヨセフ	Yosef
482	011219		ヨハン	Yohan
483	01121C		ラーク	Rark
484	01121F		ラーズ	Larz
485	011222		ライナス	Rainas
486	011226		ラインハルト	Reinhart
487	01122C		ラグ	Rag
488	01122E		ラスカル	Rasukal
489	011232		ラッシュ	Rash
490	011236		ラッセル	Rasel
491	01123A		ラット	Rat
492	01123D		ラデッシュ	Radesh
493	011242		ラファエル	Rafael
494	011247		ラムゼー	Ramuzay
495	01124B		ラモス	Ramos
496	01124E		ラリー	Raree
497	011251		ラルフ	Ralph
498	011254		ランカスター	Rankasutar
499	01125A		ラングレイ	Rangurei
500	01125F		ランディ	Randy
501	011263		ランディス	Randy
502	011268		ランド	Randy
503	01126B		ランドレット	Randoret
504	011271		ランバート	Ranbart
505	011276		ランバルディ	Ranbaldi
506	01127C		ラヴェル	Ravel
507	011280		リード	Reed
508	011283		リーブス	Reebus
509	011287		リカルド	Rikald
510	01128B		リスゴー	Risugor
511	01128F		リチャード	Richard
512	011294		リック	Rik
513	011297		リトルジョン	LittleJon
514	01129D		リドリー	Ridoree
515	0112A1		リバルディ	Rivaldi
516	0112A6		リビングストン	Ribingusuton
517	0112AD		リベラ	Ribera
518	0112B0		リロイ	Riroi
519	0112B3		ルーク	Rook
520	0112B6		ルース	Roos
521	0112B9		ルイス	Ruis
522	0112BC		ルドルフ	Ldolf
523	0112C0		レイ	Rei
524	0112C2		レイノルズ	Reinolz
525	0112C7		レイモンド	Reimond
526	0112CC		レオナール	Leonard
527	0112D1		レオポルト	Reopolt
528	0112D6		レオン	Leon
529	0112D9		ローランド	Roland
530	0112DE		ローリー	Rorree
531	0112E2		ローレンス	Rorrens
532	0112E7		ロイ	Roi
533	0112E9		ロイド	Lloyd
534	0112EC		ロギンス	Rogins
535	0112F0		ロジャー	Rojar
536	0112F4		ロックウェル	Lowell
537	0112FA		ロッド	Rod
538	0112FD		ロバート	Robart
539	011301		ロビン	Robbins
540	011304		ロビンソン	Robinson
541	011309		ロベール	Robayl
542	01130D		ロベルト	Lovell
543	011311		ワット	Wat
544	011314		ワイズ	Waiz
545	011317		ワイルダー	Waildar
546	01131C		ワンバーグ	Wanbarg
547	011321		ヴィクター	Vikutar
548	011326		ヴィンセント	Vinsent
549	01132C		ヴィンソン	Vinson
550	011331		アーネスト	Arnesut
551	011336		アーリア	Alissa
552	01133A		アイ	Ai
553	01133C		アイネス	Aines
554	011340		アイミィ	Aimi
555	011344		アイラン	Airan
556	011348		アイリーン	Aireen
557	01134D		アイヴォリー	Aivoree
558	011353		アクア	Aqua
559	011356		アクシャ	Akusha
560	01135A		アクティ	Akuti
561	01135E		アクロース	Akurors
562	011363		アグネス	Agunes
563	011367		アスカ	Asuka
564	01136A		アップル	Apul
565	01136E		アテナ	Atena
566	011371		アニー	Anee
567	011374		アニータ	Aneeta
568	011378		アニス	Annios
569	01137B		アニタ	Anita
570	01137E		アネッサ	Anesa
571	011382		アネット	Annette
572	011386		アマリリス	Amariris
573	01138B		アマン	Aman
574	01138E		アマンダ	Amanda
575	011392		アヤ	Aya
576	011394		アリーナ	Areena
577	011398		アリア	Alissa
578	01139B		アリエス	Aries
579	01139F		アリエル	Ariel
580	0113A3		アリサ	Alissa
581	0113A6		アリシア	Arishia
582	0113AA		アリス	Alissa
583	0113AD		アリソン	Arison
584	0113B1		アリッサ	Alissa
585	0113B5		アルテイシア	Alteishia
586	0113BB		アルフォンス	Alfons
587	0113C1		アルフォンヌ	Alfonnu
588	0113C7		アレム	Arem
589	0113CA		アレン	Aren
590	0113CD		アン	An
591	0113CF		アンジェ	Anje
592	0113D3		アンジェラ	Anjera
593	0113D8		アンジェリカ	Angelica
594	0113DE		アンナ	Anna
595	0113E1		アンヌ	Annu
596	0113E4		アンフィーヌ	Anfeenu
597	0113EA		アンブローズ	Anburorz
598	0113F0		アンリ	Anri
599	0113F3		イータ	Eeta
600	0113F6		イーダ	Eeda
601	0113F9		イエラ	Iera
602	0113FC		イオナ	Iona
603	0113FF		イザベラ	Izabera
604	011403		イザベル	Izabel
605	011407		イナーファ	Inarfa
606	01140C		イブ	Ib
607	01140E		イライザ	Iraiza
608	011412		イリア	Iria
609	011415		ウィンク	Wink
610	011419		ウェイブ	Weib
611	01141D		ウェンディ	Wendy
612	011422		エイミー	Eimee
613	011426		エイリーヌ	Eileen
614	01142B		エオリア	Eoria
615	01142F		エクレア	Ekurea
616	011433		エスメラルダ	Esumeralda
617	011439		エトワール	Etowarl
618	01143E		エナ	Ena
619	011440		エネイシオ	Eneishio
620	011445		エバ	Eva
621	011447		エバン	Evan
622	01144A		エバンヌ	Evan
623	01144E		エマ	Emma
624	011450		エマニエル	Emaniel
625	011455		エミリ	Emily
626	011458		エミリア	Emily
627	01145C		エリー	Eree
628	01145F		エリーゼ	Ereeze
629	011463		エリアノーア	Erianora
630	011469		エリカ	Eric
631	01146C		エリザ	Eliza
632	01146F		エリザベート	Erizabayt
633	011475		エリザベス	Erizabes
634	01147A		エリス	Ellis
635	01147D		エル	El
636	01147F		エルザ	Elza
637	011482		エルティア	Eltia
638	011487		エルディール	Eldeel
639	01148D		エレ	Ere
640	01148F		エレーヌ	Eraynu
641	011493		エレノア	Erenoa
642	011497		エレン	Ellen
643	01149A		エンヤ	Enya
644	01149D		エヴァ	Eva
645	0114A0		オードリー	Ordoree
646	0114A5		オーラ	Orra
647	0114A8		オーロラ	Orrora
648	0114AC		オズマ	Ozuma
649	0114AF		オハラ	Ohara
650	0114B2		オフェリア	Ophelia
651	0114B7		オリーブ	Oreeb
652	0114BB		オリビア	Olivia
653	0114BF		オリヴィア	Olivia
654	0114C4		オルファ	Olfa
655	0114C8		オルフェ	Olfe
656	0114CC		カーシャ	Kasha
657	0114D0		カーナ	Karna
658	0114D3		カーミア	Karmia
659	0114D7		カイ	Kay
660	0114D9		カチュア	Kachua
661	0114DD		カトリーヌ	Katoreenu
662	0114E2		カトレア	Katorea
663	0114E6		カミーユ	Kameeyu
664	0114EA		カミーラ	Kameera
665	0114EE		カルメン	Carmen
666	0114F2		カレン	Carmen
667	0114F5		カンナ	Karna
668	0114F8		ガルーダ	Garooda
669	0114FC		キキ	Kiki
670	0114FE		キッチェ	Kicche
671	011502		キティ	Kitty
672	011505		キディ	Cindy
673	011508		キム	Kim
674	01150A		キャサリン	Kyasarin
675	01150F		キャティ	Kitty
676	011513		キャプリー	Kyapuree
677	011518		キャリー	Kyaree
678	01151C		キャロライン	Kyarorain
679	011522		キャロル	Kyarol
680	011526		キャンディ	Cindy
681	01152B		キララ	Kirara
682	01152E		クィン	Kwin
683	011531		クッキー	Kukee
684	011535		クラウディア	Claudia
685	01153B		クララ	Kurara
686	01153E		クラリス	Claris
687	011542		クリーム	Kureem
688	011546		クリス	Curtis
689	011549		クリスティ	Kurisuti
690	01154E		クリスティーヌ	Kurisuteenu
691	011555		クリスティーン	Kurisuteen
692	01155C		クレア	Kurea
693	01155F		クローバー	Kurorbar
694	011564		グウィット	Guwit
695	011569		グレース	Gurays
696	01156D		グレンダ	Glenda
697	011571		グロリア	Gloria
698	011575		ケイ	Kei
699	011577		ケイシー	Keishee
700	01157B		ケイト	Keith
701	01157E		ケミィ	Kemi
702	011581		ココ	Coco
703	011583		コスモス	Cosmos
704	011587		コットン	Koton
705	01158B		コナー	Konar
706	01158E		コニー	Konee
707	011591		コメット	Comet
708	011595		コリー	Koree
709	011598		コリーダ	Koreeda
710	01159C		コリーヌ	Koreenu
711	0115A0		コロン	Koron
712	0115A3		コンスタンティア	Konsutantia
713	0115AB		サーシャ	Sasha
714	0115AF		サーラ	Sarah
715	0115B2		サファイア	Safaia
716	0115B7		サブリナ	Saburina
717	0115BB		サマンサ	Samansa
718	0115BF		サヤ	Saya
719	0115C1		サラ	Sarah
720	0115C3		サラダ	Sarada
721	0115C6		サリー	Sallie
722	0115C9		サロメ	Salome
723	0115CC		サンディ	Sandy
724	0115D0		サンドラ	Sandora
725	0115D4		シータ	Seeta
726	0115D7		シーマ	Sheema
727	0115DA		シーモア	Sheemoa
728	0115DE		シーラ	Sheila
729	0115E1		シールズ	Sheelz
730	0115E5		シィルプ	Shilp
731	0115E9		シェスタ	Shesuta
732	0115ED		シェパード	Shepard
733	0115F2		シェリー	Sheree
734	0115F6		シェリル	Sheryl
735	0115FA		シエル	Shiel
736	0115FD		シボーン	Shiborn
737	011601		シモーヌ	Shimornu
738	011605		シモンヌ	Shimonnu
739	011609		シャーデー	Sharday
740	01160E		シャーリー	Sharde
741	011613		シャルル	Shall
742	011617		シャレーヌ	Sharaynu
743	01161C		シャロン	Sharon
744	011620		シュガー	Shugar
745	011624		ショーコ	Shorko
746	011628		ショーン	Shorn
747	01162C		シルキィ	Shilki
748	011630		シルフィ	Shilfi
749	011634		シルヴィア	Silvia
750	011639		シンシア	Shinshia
751	01163D		シンディ	Shindi
752	011641		シンデレラ	Shinderera
753	011646		ジーナ	Jenna
754	011649		ジーン	Jeen
755	01164C		ジェーン	Jayn
756	011650		ジェシカ	Jessica
757	011654		ジェニー	Jeanne
758	011658		ジェニック	Jenik
759	01165D		ジェニファー	Jenifar
760	011663		ジェミニ	Jemini
761	011667		ジェリー	Jeree
762	01166B		ジニー	Jinee
763	01166E		ジャスミン	Jasumin
764	011673		ジャッキー	Jackie
765	011678		ジャネット	Janet
766	01167D		ジャンヌ	Janus
767	011681		ジューン	Joon
768	011685		ジュエル	Juel
769	011689		ジュデイ	Judy
770	01168D		ジュリア	Julia
771	011691		ジュリアン	Julia
772	011696		ジュリエット	Juliette
773	01169C		ジョアンナ	Joan
774	0116A1		ジョアンヌ	Joan
775	0116A6		ジョセフィーヌ	Josefeenu
776	0116AD		ジョディ	Jodie
777	0116B1		ジョベス	Jobes
778	0116B5		ジョリーン	Joreen
779	0116BA		ジル	Jill
780	0116BC		ジンジャー	Jinjar
781	0116C1		スー	Soo
782	0116C3		スーザン	Soozan
783	0116C7		スージー	Soojee
784	0116CB		スカーレット	Scarlett
785	0116D1		スザンナ	Suzanna
786	0116D5		スザンヌ	Suzannu
787	0116D9		スターシャ	Sutarsha
788	0116DE		ステイシー	Suteishee
789	0116E3		ステファニー	Sutefanee
790	0116E9		ステファン	Sutefan
791	0116EE		ステラ	Stella
792	0116F1		ストロベリー	Sutoroberee
793	0116F7		スワン	Swan
794	0116FA		セイラ	Seilla
795	0116FD		セシリア	Seshiria
796	011701		セス	Ses
797	011703		セリーナ	Sereena
798	011707		セリカ	Serika
799	01170A		セルフィ	Selfi
800	01170E		セレシュ	Seresh
801	011712		センティア	Sentia
802	011717		ソフィーヌ	Sofeenu
803	01171C		ソフィア	Sophia
804	011720		ゾラ	Zora
805	011722		タバサ	Tabasa
806	011725		ダイアナ	Daiana
807	011729		ダイアン	Daian
808	01172D		ダリア	Daria
809	011730		チェスタリーア	Chesutareea
810	011737		チェリー	Cheree
811	01173B		チコ	Chick
812	01173D		チック	Chick
813	011740		チップ	Chipp
814	011743		チャッピー	Chapee
815	011748		ティート	Teet
816	01174C		ティア	Tia
817	01174F		ティアラ	Tiara
818	011753		ティティス	Titis
819	011758		ティナ	Tina
820	01175B		ティファニィ	Tifani
821	011761		ティミー	Timee
822	011765		ティム	Tim
823	011768		ティモテ	Timote
824	01176C		ティラミス	Tiramis
825	011771		ティララ	Tiara
826	011775		ティン	Tin
827	011778		ティンカー	Tinkar
828	01177D		ティンクル	Tinkul
829	011782		テイシア	Teishia
830	011786		テス	Tes
831	011788		テレサ	Theresa
832	01178B		ディーン	Deen
833	01178F		ディアナ	Diana
834	011793		ディオンヌ	Dionnu
835	011798		デイジー	Deijee
836	01179C		デボラ	Deborah
837	01179F		デミー	Demee
838	0117A2		デメテル	Demetel
839	0117A6		デューン	Deyoon
840	0117AA		トレイシー	Toreishee
841	0117AF		ドーラ	Dorra
842	0117B2		ドナ	Donna
843	0117B4		ドミニク	Dominik
844	0117B8		ドリュー	Doryoo
845	0117BC		ドロシー	Doroshee
846	0117C0		ナスターシャ	Nasutarsha
847	0117C6		ナターシャ	Natasha
848	0117CB		ナタリー	Natalie
849	0117CF		ナナ	Nana
850	0117D1		ナンシー	Nanshee
851	0117D5		ニーナ	Nena
852	0117D8		ニキータ	Nikeeta
853	0117DC		ニュート	Nyoot
854	0117E0		ネーナ	Nina
855	0117E3		ネイ	Nei
856	0117E5		ノーマ	Nora
857	0117E8		ノーラ	Nora
858	0117EB		ノーラン	Nora
859	0117EF		ハイジ	Haiji
860	0117F2		ハイネ	Haine
861	0117F5		ハニー	Hanee
862	0117F8		ハンナ	Hanna
863	0117FB		バーサ	Barsa
864	0117FE		バーシア	Barshia
865	011802		バーバラ	Barbara
866	011806		バーバレラ	Barbara
867	01180B		バービー	Barbee
868	01180F		バイオレット	Violet
869	011815		バニィ	Bani
870	011818		バニラ	Vanilla
871	01181B		バミー	Bamee
872	01181E		バリエ	Barie
873	011821		パーサ	Parsa
874	011824		パーニャ	Parnya
875	011828		パイン	Pain
876	01182B		パステル	Pasutel
877	01182F		パッキー	Pakee
878	011833		パッツィ	Patsy
879	011837		パティ	Patsy
880	01183A		パトリシア	Patorishia
881	01183F		パパイヤ	Papaiya
882	011843		パブロワ	Paburowa
883	011847		パメラ	Pamela
884	01184A		パンジー	Panjee
885	01184E		パンドラ	Pandora
886	011852		ヒルダ	Hilda
887	011855		ビールズ	Beelz
888	011859		ビクトリア	Victoria
889	01185E		ビッキー	Bikee
890	011862		ビルフィニア	Bilfinia
891	011868		ファニータ	Faneeta
892	01186D		フィーナ	Feena
893	011871		フィアナ	Fiana
894	011875		フィフス	Fifus
895	011879		フェイ	Fei
896	01187C		フェリア	Feria
897	011880		フラウ	Furau
898	011883		フラニー	Furanee
899	011887		フランソワ	Furansowa
900	01188C		フランソワーズ	Furansowarz
901	011893		フリージア	Fureejia
902	011898		フリスティーナ	Furisuteena
903	01189F		フローネ	Furorne
904	0118A3		フローラ	Furorra
905	0118A7		フローレンス	Furorrens
906	0118AD		フロイライン	Furoirain
907	0118B3		ブランシュ	Buransh
908	0118B8		ブリジット	Burijit
909	0118BD		ブルックス	Bulx
910	0118C2		プチ	Puchi
911	0118C4		プティ	Puti
912	0118C7		プラム	Puram
913	0118CA		プリム	Purim
914	0118CD		プリメーラ	Purimayra
915	0118D2		プリン	Purin
916	0118D5		プルミア	Pulmia
917	0118D9		ヘザー	Hezar
918	0118DC		ヘズ	Hez
919	0118DE		ヘラ	Hera
920	0118E0		ヘレネ	Helen
921	0118E3		ヘレン	Helen
922	0118E6		ベアトリーチェ	Beatoreeche
923	0118ED		ベス	Bes
924	0118EF		ベティ	Beti
925	0118F2		ベラ	Bella
926	0118F4		ベリンダ	Belinda
927	0118F8		ベル	Bel
928	0118FA		ベレッタ	Bereta
929	0118FE		ベロニカ	Veronica
930	011902		ベンジャミン	Benjamin
931	011908		ペイズリィ	Peizuri
932	01190D		ペティ	Peti
933	011910		ペネローペ	Penelope
934	011915		ペパーミント	Peparmint
935	01191B		ペリーヌ	Pereenu
936	01191F		ホーリー	Horree
937	011923		ホリンズ	Horinz
938	011927		ボニー	Voine
939	01192A		ポーシャ	Porsha
940	01192E		ポーラ	Porra
941	011931		ポアンヌ	Poannu
942	011935		ポックル	Pokul
943	011939		ポテト	Potet
944	01193C		ポニー	Ponee
945	01193F		ポリーシャ	Poreesha
946	011944		ポリアンナ	Porianna
947	011949		ポリン	Porin
948	01194C		マーガレット	Margaret
949	011952		マーゴ	Margo
950	011955		マーサ	Marsa
951	011958		マージ	Mary
952	01195B		マージョリー	Marjoree
953	011961		マーナ	Marna
954	011964		マーブル	Marbul
955	011968		マーヤ	Marian
956	01196B		マァリ	Mary
957	01196E		マギー	Magee
958	011971		マコ	Mako
959	011973		マシュー	Mashoo
960	011977		マチルダ	Machilda
961	01197B		マデリーヌ	Madereenu
962	011980		マナ	Mana
963	011982		マヤ	Maya
964	011984		マリー	Maree
965	011987		マリーナ	Mareena
966	01198B		マリーン	Marlene
967	01198F		マリア	Marian
968	011992		マリアン	Marian
969	011996		マリオン	Mallon
970	01199A		マリナ	Marina
971	01199D		マリリン	Marilyn
972	0119A1		マルガリータ	Margaret
973	0119A7		マロン	Mallon
974	0119AA		マンジェラ	Manjera
975	0119AF		マンデイ	Mandy
976	0119B3		ミーシャ	Meesha
977	0119B7		ミーナ	Meena
978	0119BA		ミシェル	Mishel
979	0119BE		ミスティ	Misty
980	0119C2		ミドラー	Midorar
981	0119C6		ミニー	Minee
982	0119C9		ミネア	Minea
983	0119CC		ミネルバ	Minerva
984	0119D0		ミネルヴァ	Minerva
985	0119D5		ミミ	Mimi
986	0119D7		ミュー	Myoo
987	0119DA		ミューズ	Myooz
988	0119DE		ミランダ	Milanda
989	0119E2		ミリア	Millia
990	0119E5		ミリアム	Millia
991	0119E9		ミリカ	Millia
992	0119EC		ミルキィ	Milki
993	0119F0		ミレーヌ	Miraynu
994	0119F4		ミレーユ	Mirayyu
995	0119F8		ミント	Minty
996	0119FB		メアリー	Mearee
997	0119FF		メイ	Mei
998	011A01		メグ	Meg
999	011A03		メシア	Meshia
1000	011A06		メラニー	Melanie
1001	011A0A		メリア	Meria
1002	011A0D		メリッサ	Merisa
1003	011A11		メルモ	Melmo
1004	011A14		メロディ	Merodi
1005	011A18		モーム	Morm
1006	011A1B		モーリー	Morree
1007	011A1F		モエ	Moe
1008	011A21		モディ	Modi
1009	011A24		モニカ	Monica
1010	011A27		モモ	Momo
1011	011A29		ユキ	Yuki
1012	011A2B		ユマ	Yuma
1013	011A2D		ユリア	Iria
1014	011A30		ヨーコ	Yoko
1015	011A33		ラーラ	Laura
1016	011A36		ライザ	Liza
1017	011A39		ライム	Raim
1018	011A3C		ライラ	Raira
1019	011A3F		ライラック	Rairak
1020	011A44		ラズベリー	Razuberee
1021	011A49		ラナ	Rana
1022	011A4B		ラミア	Lamia
1023	011A4E		ラムダ	Ramuda
1024	011A51		ララ	Laura
1025	011A53		リーザ	Reeza
1026	011A56		リーシャ	Reesha
1027	011A5A		リーナ	Leona
1028	011A5D		リーファ	Reefa
1029	011A61		リサ	Lisa
1030	011A63		リサリサ	Risarisa
1031	011A67		リザ	Liza
1032	011A69		リズ	Riz
1033	011A6B		リタ	Rita
1034	011A6D		リッキー	Rikee
1035	011A71		リップ	Lip
1036	011A74		リップス	Ripus
1037	011A78		リデル	Ridel
1038	011A7B		リナ	Linda
1039	011A7D		リフ	Rif
1040	011A7F		リプリー	Ripuree
1041	011A83		リプル	Ripul
1042	011A86		リリー	Riree
1043	011A89		リリア	Leilia
1044	011A8C		リリアン	Ririan
1045	011A90		リンダ	Linda
1046	011A93		ルーサ	Roosa
1047	011A96		ルーシー	Rose
1048	011A9A		ルージュ	Rooj
1049	011A9E		ルーチェ	Rooche
1050	011AA2		ルナ	Lna
1051	011AA4		ルル	Ll
1052	011AA6		レイ	Rei
1053	011AA8		レイカ	Reika
1054	011AAB		レイチェル	Reichel
1055	011AB0		レイラ	Leilia
1056	011AB3		レオ	Reo
1057	011AB5		レオナ	Leona
1058	011AB8		レクサーヌ	Rekusarnu
1059	011ABD		レスリー	Resuree
1060	011AC1		レダ	Leda
1061	011AC3		レックス	Rex
1062	011AC7		レットン	Leon
1063	011ACB		レティア	Retia
1064	011ACF		レティシア	Retishia
1065	011AD4		レナ	Leona
1066	011AD6		レニー	Renee
1067	011AD9		レノックス	Renox
1068	011ADE		レベッカ	Rebecca
1069	011AE2		レミイ	Remi
1070	011AE5		レモン	Leon
1071	011AE8		ローザ	Roza
1072	011AEB		ローズ	Rorz
1073	011AEE		ローディア	Rordia
1074	011AF3		ローラ	Rorra
1075	011AF6		ローリー	Rorree
1076	011AFA		ローレライ	Rorrerai
1077	011AFF		ロザンヌ	Rozannu
1078	011B03		ロゼ	Roze
1079	011B05		ロゼッタ	Rozeta
1080	011B09		ロニー	Ronee
1081	011B0C		ロリータ	Roreeta
1082	011B10		ロレッタ	Roreta
1083	011B14		ロンダ	Ronda
1084	011B17		ヴァイオレット	Violet
1085	011B1E		ヴァネッサ	Vanessa
1086	011B23		ヴァルナ	Barnya
1087	011B27		ヴァルナブル	Valnabul
1088	011B2D		ヴァレリー	Valerie
1089	011B32		ヴィーナス	Veenas
1090	011B37		ヴィオラ	Viora
1091	011B3B		ヴィディ	Vidi
1092	011B3F		ヴィヴィ	Vivi
1093	011B43		ヴィヴィアン	Vivian
1094	011B49		ヴェガ	Vega
1095	011B4C		ヴェッセリー	Veseree
1096	011B52		ヴェル	Vel
1097	011B55		ヴェルヴェット	Velvet
1098	011B5C		ヴェロニカ	Veronica
1099	011B61		ヴォニータ	Voneeta
1100	011B66		アイア	Aia
1101	011B69		アイアース	Aiars
1102	011B6E		アイオリア	Aioria
1103	011B73		アイオリデス	Aiorides
1104	011B79		アイオロス	Aioros
1105	011B7E		アイオン	Aion
1106	011B82		アイガイオ	Aigaio
1107	011B87		アイギアレー	Aigiaray
1108	011B8D		アイギス	Aigis
1109	011B91		アイギストス	Aigisutos
1110	011B97		アイギーナ	Aigeena
1111	011B9C		アイギパーン	Aigiparn
1112	011BA2		アイギミオス	Aigimios
1113	011BA8		アイギュプトス	Aigyuputos
1114	011BAF		アイグレー	Aiguray
1115	011BB4		アイゲウス	Aigeus
1116	011BB9		アイサ	Alissa
1117	011BBC		アイサコス	Aisakos
1118	011BC1		アイソン	Aison
1119	011BC5		アイティラ	Aitira
1120	011BCA		アイトネー	Aitonay
1121	011BCF		アイトーロス	Aitorros
1122	011BD5		アイトーン	Aitorn
1123	011BDA		アイネイアス	Aineias
1124	011BE0		アウゲイア	Augeia
1125	011BE5		アウソーン	Ausorn
1126	011BEA		アウトメドーン	Automedorn
1127	011BF1		アエロー	Aeror
1128	011BF5		アカイア	Akkaya
1129	011BF9		アカコス	Akakos
1130	011BFD		アガメムノ	Agamemuno
1131	011C02		アーキス	Arkis
1132	011C06		アクタイオス	Akutaios
1133	011C0C		アグローン	Agurorn
1134	011C11		アコス	Akos
1135	011C14		アシオス	Ashios
1136	011C18		アスカラボス	Asukarabos
1137	011C1E		アティス	Attis
1138	011C22		アドメーテ	Adomayte
1139	011C27		アドニス	Adonis
1140	011C2B		アトロポス	Atropos
1141	011C30		アナリーゼ	Anareeze
1142	011C35		アニオス	Annios
1143	011C39		アーピス	Arpis
1144	011C3D		アペーモシュ	Apaymosh
1145	011C43		アマルティア	Amaltia
1146	011C49		アムペロス	Amuperos
1147	011C4E		アムモーン	Amumorn
1148	011C53		アラクネー	Arakunay
1149	011C58		アルカス	Alkas
1150	011C5C		アルカディア	Arcadia
1151	011C62		アルクメーネ	Alkumayne
1152	011C68		アルゲイアー	Algeiar
1153	011C6E		アルゴ	Argo
1154	011C71		アルスノバ	Arsnoba
1155	011C76		アルペッジョ	Alpejjo
1156	011C7C		アレオス	Areos
1157	011C80		アレトゥーサ	Aretooosa
1158	011C86		アンティゴネ	Antigone
1159	011C8C		イアイラ	Iaira
1160	011C90		イアソン	Iason
1161	011C94		イアモス	Iamos
1162	011C98		イアンテー	Iantay
1163	011C9D		イオカス	Iokas
1164	011CA1		イオペー	Iopay
1165	011CA5		イーカディオ	Eekadio
1166	011CAB		イスキュス	Isukyus
1167	011CB0		イーダス	Eedas
1168	011CB4		イティロス	Itiros
1169	011CB9		イドモーン	Idomorn
1170	011CBE		イヌウス	Innous
1171	011CC2		イーピス	Eepis
1172	011CC6		イプシロン	Ipushiron
1173	011CCB		イリア	Iria
1174	011CCE		イロス	Yeeros
1175	011CD1		インフェリー	Inferee
1176	011CD7		イーロス	Eeros
1177	011CDB		ウェスタ	Westa
1178	011CDF		ウェヌス	Wenus
1179	011CE3		ウーピス	Oopis
1180	011CE7		ウラニア	Urania
1181	011CEB		ウラヌス	Uranus
1182	011CEF		エイドテア	Eidothea
1183	011CF4		エイレーネ	Eirayne
1184	011CF9		エウアドネ	Euadone
1185	011CFE		エウエノス	Euenos
1186	011D03		エウケノル	Eukenol
1187	011D08		エウテルペ	Eutelpe
1188	011D0D		エウノモス	Eunomos
1189	011D12		エウパラモ	Euparamo
1190	011D17		エウブレウ	Eubureu
1191	011D1C		エウペモス	Eupemos
1192	011D21		エウポルポ	Euporupo
1193	011D26		エウリューア	Euryooa
1194	011D2C		エウロペ	Erope
1195	011D30		エーオス	Annios
1196	011D34		エキオン	Ekion
1197	011D38		エケトス	Ekketos
1198	011D3C		エーゲリア	Aygeria
1199	011D41		エーコー	Aykor
1200	011D45		エニペーウ	Enipayu
1201	011D4A		エパポス	Epapos
1202	011D4E		エーピオネ	Aypione
1203	011D53		エピゴノイ	Epigonnoi
1204	011D58		エペイオ	Epeio
1205	011D5C		エマティス	Ematis
1206	011D61		エラトー	Erator
1207	011D65		エラトス	Erratos
1208	011D69		エリス	Ellis
1209	011D6C		エリサ	Elisa
1210	011D6F		エルペノル	El Penoll
1211	011D74		エレボス	Erebos
1212	011D78		エンケラドス	Enkerados
1213	011D7E		オイアクス	Oakus
1214	011D83		オディプス	Odipus
1215	011D88		オイバロス	Oibaros
1216	011D8D		オキモス	Okimos
1217	011D91		オギュゴス	Ogyugos
1218	011D96		オクシュロス	Oxuros
1219	011D9C		オリシーア	Orisheea
1220	011DA1		オプス	Opus
1221	011DA4		オメガ	Omega
1222	011DA7		オルティア	Oltia
1223	011DAC		カイルス	Catils
1224	011DB0		カウコーン	Kaukorn
1225	011DB5		カウノス	Caunos
1226	011DB9		ケイエス	Keies
1227	011DBD		カーカ	Karka
1228	011DC0		カスタリアン	Kasutarian
1229	011DC6		カドモス	Kadomos
1230	011DCA		カティルス	Catils
1231	011DCF		ガニュメデ	Ganyumede
1232	011DD4		カピュス	Kapyus
1233	011DD8		カペイラ	Kapeira
1234	011DDC		カムペ	Kampee
1235	011DDF		カメルス	Camerus
1236	011DE3		ガライアス	Garaias
1237	011DE8		ガラティア	Garatia
1238	011DED		カリストー	Karisutor
1239	011DF2		カリス	Claris
1240	011DF5		ガリンティス	Garintis
1241	011DFB		カルカス	Kalkas
1242	011DFF		カルデア	Kaldea
1243	011E03		カルナ	Karna
1244	011E06		ガレオ	Galleo
1245	011E09		カローン	Karorn
1246	011E0D		ギーガス	Geegas
1247	011E11		ギュアース	Gyuars
1248	011E16		キュアネー	Kyuanay
1249	011E1B		キュクノス	Kyukunos
1250	011E20		キュージコス	Kyoojikos
1251	011E26		キュノルタス	Kyunoltas
1252	011E2C		キュベレー	Kyuberay
1253	011E31		キリクス	Kirikus
1254	011E35		クサントス	Kusantos
1255	011E3A		クテアトス	Kuteatos
1256	011E3F		グラウケー	Guraukay
1257	011E44		グラティア	Guratia
1258	011E49		クラナオス	Kuranaos
1259	011E4E		クラロス	Kuraros
1260	011E52		クリテーイス	Kuritayis
1261	011E58		クリューサ	Kuryoosa
1262	011E5D		グリュプス	Guryupus
1263	011E62		クレオビス	Kreovis
1264	011E67		クレース	Kurays
1265	011E6B		クロトン	Kuroton
1266	011E6F		クロヌス	Kuronus
1267	011E73		ゲッコー	Gekor
1268	011E77		ケパロス	Keparos
1269	011E7B		ゲラナ	Gerana
1270	011E7E		ケルミス	Kelmis
1271	011E82		ケレオス	Kereos
1272	011E86		コイオス	Koios
1273	011E8A		コドロス	Kodoros
1274	011E8E		コムペー	Komupay
1275	011E92		コリュトス	Koryutos
1276	011E97		コルキス	Kolkis
1277	011E9B		ゴルゴン	Golgon
1278	011E9F		ザグレウス	Zagureus
1279	011EA4		サティロス	Satiros
1280	011EA9		サラミス	Saramis
1281	011EAD		サラムボー	Saramubor
1282	011EB2		サリオス	Sarios
1283	011EB6		シキュオーン	Shikyuorn
1284	011EBC		シーシュポス	Sheeshupos
1285	011EC2		シーデー	Sheeday
1286	011EC6		シノーペ	Shinorpe
1287	011ECA		シニス	Shinis
1288	011ECD		シビュレー	Shibyuray
1289	011ED2		シャコンヌ	Shakonnu
1290	011ED7		シュバリス	Schvalis
1291	011EDC		シューメー	Shoomay
1292	011EE1		シュレウス	Shureus
1293	011EE6		シルウァーヌ	Shilwarnu
1294	011EEC		シロス	Shiros
1295	011EEF		スアーダ	Suarda
1296	011EF3		スキュピオス	Sukyupios
1297	011EF9		スキュラ	Sukyura
1298	011EFD		スタピュロス	Sutapyuros
1299	011F03		ステネロス	Suteneros
1300	011F08		スティクス	Sutikus
1301	011F0D		スパイロス	Supairos
1302	011F12		スピンク	Supink
1303	011F16		セイレンヌ	Seirennu
1304	011F1B		ゼータンカス	Zaytankas
1305	011F21		ゼートス	Zaytos
1306	011F25		セミラミス	Semiramis
1307	011F2A		セメレー	Semeray
1308	011F2E		セレストゥス	Seresutos
1309	011F34		セレネー	Serenay
1310	011F38		ゼーロス	Zayros
1311	011F3C		ソール	Sorl
1312	011F3F		ダイダロス	Daidaros
1313	011F44		ダイモス	Daimos
1314	011F48		ダウヌス	Daunus
1315	011F4C		ターゲス	Targes
1316	011F50		タソス	Tasos
1317	011F53		タティウス	Tatius
1318	011F58		ダナエー	Danay
1319	011F5C		タナトス	Tanatos
1320	011F60		タピオス	Tapios
1321	011F64		ダプネー	Dapunay
1322	011F68		ダミアー	Damia
1323	011F6C		タミュリス	Tamyuris
1324	011F71		タラオス	Taraos
1325	011F75		タルコン	Talkon
1326	011F79		ダルダノス	Daldanos
1327	011F7E		タルタロス	Taltaros
1328	011F83		タルピオス	Talpios
1329	011F88		タンタルス	Tantarus
1330	011F8D		ダンテ	Dante
1331	011F90		デアシュリア	Deashuria
1332	011F96		デアディーア	Deadeea
1333	011F9C		テイアー	Teiar
1334	011FA0		ディアース	Diars
1335	011FA5		デイアネイラ	Deianeira
1336	011FAB		ディエス	Dies
1337	011FAF		ディケー	Dikay
1338	011FB3		ティスペー	Tisupay
1339	011FB8		ディード	Deed
1340	011FBC		デイマコス	Deimakos
1341	011FC1		ディルケー	Dilkay
1342	011FC6		デウカリオン	Deukarion
1343	011FCC		テウクロス	Teukross
1344	011FD1		テウタロス	Teutaros
1345	011FD6		テオパネー	Teopanay
1346	011FDB		テクタモス	Tekutamos
1347	011FE0		デゲロス	Degeros
1348	011FE4		テストール	Tesutorl
1349	011FE9		テッサロス	Tesaros
1350	011FEE		テーネス	Taynes
1351	011FF2		テュイア	Teyuia
1352	011FF6		テュケー	Teyukay
1353	011FFA		テューボン	Teyoobon
1354	011FFF		テューロー	Teyooror
1355	012004		テルキス	Telkis
1356	012008		テルキネス	Telkines
1357	01200D		デルキュノス	Delkynos
1358	012013		テルクシオン	Telxion
1359	012019		テルプーサ	Telpoosa
1360	01201E		デルポイ	Delpoi
1361	012022		デルポス	Delpos
1362	012026		テルミヌス	Telminus
1363	01202B		テレパッサ	Terepasa
1364	012030		トアース	Toars
1365	012034		トオーサ	Toorsa
1366	012038		ドドーナ	Dodonna
1367	01203C		トロモス	Toromos
1368	012040		トラシュメデス	Torashumedes
1369	012047		トリオス	Torios
1370	01204B		ドリュアス	Doryuas
1371	012050		ドリュオペー	Doryuopay
1372	012056		ナウシトオス	Naushitoos
1373	01205C		ナウテース	Nautays
1374	012061		ナウプリオ	Naupurio
1375	012066		ナクソス	Nakusos
1376	01206A		ナパイアー	Napaiar
1377	01206F		ナルキソス	Nalkisos
1378	012074		ニオベー	Niobay
1379	012078		ニーソス	Neesos
1380	01207C		ニュクス	Nyukus
1381	012080		ニューサ	Nyoosa
1382	012084		ニーレス	Neeres
1383	012088		ヌミトル	Numitol
1384	01208C		ネアイラ	Neaira
1385	012090		ネイロス	Neiros
1386	012094		ネストル	Nesutol
1387	012098		ネッソス	Nesos
1388	01209C		ネメア	Nemea
1389	01209F		ノクス	Nokus
1390	0120A2		ノーナ	Nora
1391	0120A5		ノミオス	Nomios
1392	0120A9		パイア	Paia
1393	0120AC		パイアクス	Paiakus
1394	0120B1		パイオス	Paios
1395	0120B5		パイオーン	Paiorn
1396	0120BA		パイドラー	Paidorar
1397	0120BF		ハイモス	Haimos
1398	0120C3		ハイモーン	Haimorn
1399	0120C8		パウォル	Pawol
1400	0120CC		バウポー	Baupor
1401	0120D0		パエトーン	Paetorn
1402	0120D5		パオーン	Paorn
1403	0120D9		バキス	Bakis
1404	0120DC		パーシス	Parshis
1405	0120E0		パシレイア	Pashireia
1406	0120E5		バッカス	Bakas
1407	0120E9		パッサカリア	Pasakaria
1408	0120EF		ハーデス	Hardes
1409	0120F3		パナケイア	Panakeia
1410	0120F8		パネース	Panays
1411	0120FC		パノペー	Panopay
1412	012100		パポス	Papos
1413	012103		バムポース	Bamupors
1414	012108		パラディオ	Paradio
1415	01210D		ハリアーラ	Hariara
1416	012112		パリス	Paris
1417	012115		バロック	Barok
1418	012119		パロス	Paros
1419	01211C		パーン	Parn
1420	01211F		パンドーラ	Pandorra
1421	012124		ピーエリア	Peeeria
1422	012129		ピクス	Pikus
1423	01212C		ピークス	Peekus
1424	012130		ピーソス	Peesos
1425	012134		ピタネ	Pitane
1426	012137		ピッテウス	Piteus
1427	01213C		ヒッパソス	Hipasos
1428	012141		ヒポテース	Hipotays
1429	012146		ピテュス	Piteyus
1430	01214A		ヒュアモス	Hyuamos
1431	01214F		ヒューザーズ	Hyoozarz
1432	012155		ピュタロス	Pyutaros
1433	01215A		ピュラコス	Pyurakos
1434	01215F		ヒュラース	Hyurars
1435	012164		ピュリアー	Pyuriar
1436	012169		ピュリス	Pyuris
1437	01216D		ヒュルタコス	Hyultakos
1438	012173		ピュレーネ	Pyurayne
1439	012178		ピュロス	Pyuros
1440	01217C		ピリュラー	Piryurar
1441	012181		ファウナ	Faunn
1442	012185		ファーマ	Farma
1443	012189		ファメース	Famays
1444	01218E		フェブリレス	Feburires
1445	012194		フェロニア	Feronia
1446	012199		フォアシュピル	Foashupil
1447	0121A0		フォルス	Fols
1448	0121A4		フォボス	Phobos
1449	0121A8		プチ	Puchi
1450	0121AA		プトノス	Ptonos
1451	0121AE		プペ	Pupe
1452	0121B0		プラシオス	Purashios
1453	0121B5		フリアイ	Furiai
1454	0121B9		プリアモス	Priamos
1455	0121BE		プリクソス	Prixos
1456	0121C3		ブリゾー	Burizor
1457	0121C7		プルートーン	Purootorn
1458	0121CD		フリナ	Furina
1459	0121D0		プルウィウス	Pulwius
1460	0121D6		ブレイオネ	Bureione
1461	0121DB		ブレウロン	Bureuron
1462	0121E0		プレグラー	Puregurar
1463	0121E5		プロイティス	Puroitis
1464	0121EB		プロクネー	Purokunay
1465	0121F0		プロクリス	Proklis
1466	0121F5		プロセビナ	Purosebina
1467	0121FA		プロテウス	Proteus
1468	0121FF		プロトオス	Plotos
1469	012204		プロニメー	Puronimay
1470	012209		プロミオス	Puromios
1471	01220E		ブロンテス	Burontes
1472	012213		ペリアス	Perias
1473	012217		ペイトー	Peitor
1474	01221B		ペイレネ	Peirene
1475	01221F		ヘガベー	Hegabay
1476	012223		ヘカメーデ	Hekamayde
1477	012228		ヘクバ	Hekuba
1478	01222B		ヘスティア	Hesutia
1479	012230		ペーダソス	Paydasos
1480	012235		ペナーテス	Penartes
1481	01223A		ペニアー	Peniar
1482	01223E		ペパレトス	Peparetos
1483	012243		ヘミテーア	Hemitaya
1484	012248		ヘーメラ	Haymera
1485	01224C		ペライアー	Peryar
1486	012251		ヘリアース	Heriars
1487	012256		ヘラクレー	Herakuray
1488	01225B		ヘレエルゴス	Hereelgos
1489	012261		ヘーリオス	Hayrios
1490	012266		ヘリケー	Herikay
1491	01226A		ペリパノス	Perpano
1492	01226F		ヘルキューナ	Helkyoona
1493	012275		ヘルシリア	Helshiria
1494	01227A		ペルセース	Pelsays
1495	01227F		ペルセポネー	Pelseponay
1496	012285		ペルディクス	Peldikus
1497	01228B		ヘルマ	Helma
1498	01228E		ヘルメス	Helmes
1499	012292		ベレキュンティ	Berkunti
1500	012299		ベレクロス	Berekuros
1501	01229E		ヘレノス	Herenos
1502	0122A2		ヘレネー	Herenay
1503	0122A6		ベレボイア	Bereboia
1504	0122AB		ヘレーン	Herayn
1505	0122AF		ベーロス	Bayros
1506	0122B3		ベローナ	Berorna
1507	0122B7		ペロプス	Peropus
1508	0122BB		ベンディーウス	Bendeeus
1509	0122C2		ペンティロス	Pentiros
1510	0122C8		ペンテシレイア	Penteshireia
1511	0122CF		ボイアス	Boias
1512	0122D3		ボイニクス	Boinikus
1513	0122D8		ボイネー	Boinay
1514	0122DC		ボーコス	Borkos
1515	0122E0		ボスポロス	Bosuporos
1516	0122E5		ポダルゲー	Podalgay
1517	0122EA		ポティーティ	Poteeti
1518	0122F0		ポーデス	Pordes
1519	0122F4		ボナデア	Bonadea
1520	0122F8		ボヌス	Vonus
1521	0122FB		ホプラダーモス	Hopuradarmos
1522	012302		ホベトール	Hobetorl
1523	012307		ポボス	Pobos
1524	01230A		ホモノイア	Homonoia
1525	01230F		ボリアス	Borias
1526	012313		ポリフォニー	Porifonee
1527	012319		ボリュドイス	Boryudois
1528	01231F		ポリュカオン	Porukaon
1529	012325		ポリュクセネー	Poryukusenay
1530	01232C		ポリュクソー	Poryukusor
1531	012332		ポリュダムナ	Poryudamuna
1532	012338		ポリュボス	Porybos
1533	01233D		ポルテウスボロス	Polteusuboros
1534	012345		マイア	Maya
1535	012348		マイアンドス	Meiandos
1536	01234E		マイナス	Mainas
1537	012352		マイラ	Maya
1538	012355		マカリアー	Makariar
1539	01235A		マカーオン	Makaon
1540	01235F		マーウォルス	Marwols
1541	012365		マーズ	Marz
1542	012368		マグナマーテル	Magunamartel
1543	01236F		マトゥータ	Matooota
1544	012374		マラトーン	Maratorn
1545	012379		マルシュアース	Marwals
1546	012380		マールス	Marls
1547	012384		マルマクス	Malmakus
1548	012389		マローン	Mallon
1549	01238D		ミセリコルディ	Miserikoldi
1550	012394		ミダース	Midars
1551	012398		ミナコウ	Minako
1552	01239C		ミニュアイ	Minyuai
1553	0123A1		ミニュアス	Minyuas
1554	0123A6		ミニァデス	Miniades
1555	0123AB		ミーノス	Menos
1556	0123AF		ミューケナイア	Mykenaia
1557	0123B6		ミュラー	Myurar
1558	0123BA		ミュリーネ	Milene
1559	0123BF		ミュルティロス	Myultiros
1560	0123C6		ミュルトー	Myultor
1561	0123CB		ミュミドーン	Myumidorn
1562	0123D1		ミーレトス	Meeretos
1563	0123D6		ムーサ	Moosa
1564	0123D9		ムサゲーテウス	Musagayteus
1565	0123E0		ムニートス	Muneetos
1566	0123E5		ムルキベル	Mulkibell
1567	0123EA		メガイラ	Megaira
1568	0123EE		メガメーデ	Megamayde
1569	0123F3		メガレウス	Megareus
1570	0123F8		メゲース	Megays
1571	0123FC		メーストラ	Maysutora
1572	012401		メガラー	Megarar
1573	012405		メストール	Mesutorl
1574	01240A		メタネイラ	Metaneira
1575	01240F		メテュオーン	Meteyuorn
1576	012415		メーティス	Maytis
1577	01241A		メトーペ	Metope
1578	01241E		メネステウス	Menesuteus
1579	012424		メノイティオス	Menoitios
1580	01242B		メムノーン	Memunorn
1581	012430		メムピス	Memupis
1582	012434		メラニッポス	Meranipos
1583	01243A		メラネウス	Meraneus
1584	01243F		メラムブース	Meramuboos
1585	012445		メレアグロス	Mereaguros
1586	01244B		メロプス	Merops
1587	01244F		メロペー	Meropay
1588	012453		モイラ	Moira
1589	012456		モネータ	Monayta
1590	01245A		モブソス	Mobusos
1591	01245E		モネルス	Monels
1592	012462		モルペウス	Morpeus
1593	012467		モルモー	Molmor
1594	01246B		モロス	Moros
1595	01246E		モロッソス	Morossos
1596	012473		ヤーヌス	Yarnus
1597	012477		ユウェンター	Yuwentar
1598	01247D		ユスティティア	Yusutitia
1599	012484		ユーピテル	Yoopitel
1600	012489		ライオス	Raios
1601	01248D		ライラプス	Rairapus
1602	012492		ラウェルナ	Lawerna
1603	012497		ラウスス	Rausus
1604	01249B		ラオゴラス	Raogoras
1605	0124A0		ラオダメイア	Laodame
1606	0124A6		ラオデュケー	Raodeyukay
1607	0124AC		ラキオス	Rakios
1608	0124B0		ラケシス	Rakeshis
1609	0124B4		ラダマンティス	Radamantis
1610	0124BB		ラティーヌス	Rateenus
1611	0124C1		ラディネー	Radinay
1612	0124C6		ラティノス	Ratinos
1613	0124CB		ラトナー	Ratonar
1614	0124CF		ラピテース	Rapitays
1615	0124D4		ラムプサケー	Ramupusakay
1616	0124DA		ラムペトス	Ramupetos
1617	0124DF		ラール	Rarl
1618	0124E2		ラーレンティア	Rarrentia
1619	0124E9		リギュス	Rigyus
1620	0124ED		リキュムニオス	Rikyumunios
1621	0124F4		リテュエルセーテ	Riteyuelsayte
1622	0124FC		リノス	Rinos
1623	0124FF		リビティーナ	Ribiteena
1624	012505		リビュケー	Ribyukay
1625	01250A		リベンティーナ	Ribentina
1626	012511		リュアイオス	Ryuaios
1627	012517		リュカオーン	Ryukaorn
1628	01251D		リュカストス	Ryukasutos
1629	012523		リュクルゴス	Ryukulgos
1630	012529		リュケイオス	Rukeios
1631	01252F		リュコス	Ryukos
1632	012533		リュコプローン	Ryukopurorn
1633	01253A		リュコメーデス	Ryukomaydes
1634	012541		リューシッペー	Ryooshipay
1635	012548		リュムパ	Ryumupa
1636	01254C		リュンコス	Rynkos
1637	012551		ルア	Rua
1638	012553		レイア	Reia
1639	012556		レアドロス	Readoros
1640	01255B		レイモネー	Reimonay
1641	012560		レウキッポス	Reukipos
1642	012566		レウケー	Reukay
1643	01256A		レオース	Reors
1644	01256E		レウコーン	Reukoon
1645	012573		レゴリオ	Regolio
1646	012577		レリクス	Rerikus
1647	01257B		ローティス	Rortis
1648	012580		ロームルス	Romulus
1649	012585		ロドス	Rhodes
1650	012588		ケイン	Kain
1651	01258B		マレノア	Malenoa
1652	01258F		ベルゴ	Bergo
1653	012592		こだま	Echo
1654	012595		やみのきし	Dark Knight
1655	01259A		ロード	Rhode
1656	01259D		デネブ	Deneb
1657	0125A0		ランスロット	Lancelot
1658	0125A6		ウォーレン	Warren
1659	0125AB		ギルバルト	Gilbard
1660	0125B0		カノープス	Canopus
1661	0125B5		アッシュ	Ash
1662	0125B9		ライアン	Ryan
1663	0125BD		アーレス	Ares
1664	0125C1		ガラン	Galan
1665	0125C4		エストラーダ	Estrada
1666	0125CA		アクエリアス	Aquarius
1667	0125D0		バーキン	Birkin
1668	0125D4		ナーナ	Nana
1669	0125D7		ゴールディ	Goldie
1670	0125DC		オロソフ	Orosof
1671	0125E0		グラント	Grant
1672	0125E4		ハヤト	Hayato
1673	0125E7		ジェンガ	Jenga
1674	0125EB		ヨークレイフ	Yorkleif
1675	0125F1		グロス	Gloth
1676	0125F4		だんしゃく	Danshiyak
1677	0125F9		キロス	Kyros
1678	0125FC		トリスタン	Torisutan
1679	012601		カズマ	Kazuma
1680	012604		ダラム	Durham
1681	012607		バルドル	Baldur
