set	index	japanese	header	subtitle
A	1	第1話 胎動	Chapter 1	Stirrings
A	2	第2話 飢えしものども	Chapter 2	The Starving/Ones
A	3	第3話 信じるものは	Chapter 3	Those Who/Believe…
A	4	第4話 北の王国	Chapter 4	The Northern/Kingdom
A	5	第5話 死者	Chapter 5	The Dead
A	6	第6話 妖術師	Chapter 6	The Sorcerer
A	7	第7話 問う声	Chapter 7	The Voice/That Asks
A	8	第8話 欲望のまねくもの	Chapter 8	What Desire/Beckons
A	9	第9話 決心	Chapter 9	Resolve
A	10	第10話 闇の騎士	Chapter 10	Knight of/Darkness
A	11	第11話 涙	Chapter 11	Tears
A	12	第12話 闇と静寂、そして	Chapter 12	Darkness,/Silence and…
A	13	最終話 白夜	Last Chapter	White Night
A	14	山奥	Deep in the	!Mountains
A	15	財宝	Treasure	
A	16	血と肉と	Blood and	!Flesh
A	17	サムライ	Samurai	
A	18	フリーバトルエリア	Free Battle	!Area
B	1	エストラーダの館	Estrada's	!Manor
B	2	グロス地方	Gloth	!Region
B	3	サツ半島	Satz	!Peninsula
B	4	リヒトフロス	Lihitfross	
B	5	ローデン地方	Roden	!Region
B	6	リット島海域	Rit Islands	
B	7	ネッサ地方	Netha	!Region
B	8	ノロドム地方	Norodom	!Region
B	9	メガホルテン	Megaholten	
B	10	シャガール湿地	Chagall	!Marsh
B	11	レゴ群島	Lego Isles	
B	12	アム樹海	Ahm Woods	
B	13	ライカ湖畔	Lake Laika	
B	14	クロノ山脈	Crono Range	
B	15	アイン半島	Ayn	!Peninsula
B	16	ウインド砂丘	Wind Dunes	
B	17	フレイア諸島	Freya	!Islands
B	18	フリーバトルエリア	Free Battle	!Area
