rom_addr	slot	english
00F0E7	8	All Out
00F0F1	8	Spread
00F0FB	8	Leader
00F105	8	Finish
00F10F	8	All Out
00F118	8	Spread
00F121	8	Leader
00F12A	8	Finish
00F13E	8	Magician
00F148	8	Priestes
00F152	8	Empress
00F15C	8	Emperor
00F166	8	Hieroph.
00F170	8	Lovers
00F17A	8	Chariot
00F184	8	Strength
00F18E	8	Hermit
00F198	8	Fortune
00F1A2	8	Justice
00F1AC	8	HangedMn
00F1B6	8	Death
00F1C0	8	Temperan
00F1CA	8	Devil
00F1D4	8	Tower
00F1DE	8	Star
00F1E8	8	Moon
00F1F2	8	Sun
00F1FC	8	Judgment
00F206	8	Fool
00F210	8	World
00F224	8	Slash
00F22E	8	Punch
00F238	8	Heal
00F242	8	Fireball
00F24C	8	Sonic
00F256	8	Thunder
00F260	8	Flare
00F26A	8	IceField
00F274	8	AcidCld
00F27E	8	AcidCld
00F288	8	DeathCld
00F292	8	StunCld
00F29C	8	Heal+
00F2A6	8	Blizzard
00F2B0	8	IceStorm
00F2BA	8	LifeForc
00F2C4	8	Charm
00F2CE	8	StarTiar
00F2D8	8	DrugEat
00F2E2	8	WindShot
00F2EC	8	FireBrth
00F2F6	8	Mesmeriz
00F300	8	Maelstrm
00F30A	8	Cleave
00F314	8	ColdBrth
00F31E	8	AcidBrth
00F328	8	AcidBrth
00F332	8	SuperNov
00F33C	8	IceReqem
00F346	8	EvilDead
00F350	8	RotBreth
00F35A	8	Nightmar
00F364	8	ThunArrw
00F36E	8	FireStrm
00F378	8	Banish
00F382	8	Jihad
00F38C	8	Meteor
00F396	8	BlowKiss
00F3A0	8	MagMissl
00F3AA	8	WindStrm
00F3B4	8	Petrify
00F3BE	8	DarkQst
00F3C8	8	SonicBld
00F3D2	8	Sweep
00F3DC	8	Iaido
00F3E6	8	Shuriken
00F3F0	8	Ninjutsu
00F3FA	8	Shoot
00F404	8	Whip
00F40E	8	Sic
00F418	8	Magic
00F422	8	Hit
00F42C	8	ColdGaze
00F436	8	Slap
00F440	8	GodBrand
00F44A	8	Stab
00F454	8	Starlite
00F45E	8	Smash
00F468	8	RageFist
00F472	8	Bash
00F47C	8	IceBlow
00F486	8	FireBlow
00F490	8	Tackle
00F49A	8	Peck
00F4A4	8	HellStab
00F4AE	8	RageBlow
00F4B8	8	Grudge
00F4C2	8	HexBlow
00F4CC	8	Halo
00F4D6	8	Swat
00F4E0	8	Charge
00F4EA	8	TailWhip
00F4F4	8	Pierce
00F4FE	8	Sleeping
00EB5D	3	Typ
00EB61	4	Slow
00EB65	4	Sea
00EB69	4	Shal
00EB6D	4	Mrsh
00EB71	4	Snow
00EB75	4	Mtn
00EB79	4	Wood
00EB7D	4	Grs
00EB81	4	LSky
00EB85	4	HSky
00D603	7	Leader:
00D60A	3	 No
00D60D	2	OK
0133A3	5	Unit:
00F508	8	Tornado
00F512	8	Katon
00F51C	8	Suiton
00F526	8	Ikazuchi
00F530	8	FrzSolid
00F53A	8	PoisMist
00F544	8	PetrFlsh
00F54E	8	Banish+
00F558	8	DarkZone
00F562	8	Magic
00F56C	8	Magic
00F576	8	Ninjutsu
00F580	8	Magic
00F58A	8	Magic
00F594	8	Magic
00F59E	8	Magic
00F5A8	8	FireWall
00F5B2	8	Magic
00F5BC	8	Magic
00F5C6	8	Magic
00F5D0	8	Thrust
00F5DA	8	Katon
00F5E4	8	Suiton
00F5EE	8	Ikazuchi
00F5F8	8	MachStrm
00F602	8	Throw
00F60C	8	Magic
00F616	8	Magic
00F620	8	Magic
00F62A	8	Magic
00F634	8	Magic
00F63E	8	Magic
00F648	8	Heal
00F652	8	Heal
00F65C	8	Heal All
00F666	8	PumpFall
00F670	8	Sonic+
00F67A	8	Magic
00F684	8	Magic
00F68E	8	Explode
00F698	8	Magic
00F6A2	8	PetrFlsh
00F6AC	8	Magic
00F6B6	8	Tempest
