index	english	short	status
0			
1	Cure Potion	CurePotion	CurePotn
2	Cure Stone		CureStne
3	Soul Call		SoulCall
4	Echo Chime		EchoChim
5	Cure Ankh		CureAnkh
6	Wonder Egg		WondrEgg
7	Full Moon Stone	FullMoonSt	MoonSton
8	Joker Card		JokrCard
9	Recall Tome	RecallTome	RecalTom
10	Dowsing Rod	DowsingRod	DowsRod
11	Trade Ticket	TradeTckt	TradeTkt
12	Rally Call		RallyCal
13	Persuasion Spell	Persuasion	Persuade
14	7-League Boots	7LeagBoots	7LgBoots
15	Trojan Horse	TrojnHorse	Trojan
16	Dark Scent		DrkScent
17	Light Whisper	LightWhspr	LtWhispr
18	Crystal Ball	CrystlBall	CrysBall
19	Sonic Blade	SonicBlade	SoncBlde
20	Durandal		
21	Bizen Osafune	Osafune	Osafune
22	Zephyros		
23	Fafnir		
24	Zanzibar		
25	Brunhild		
26	Black Katana	BlkKatana	BlkKatna
27	Piercing Sword	PierceSwd	PiercSwd
28	Mikado Sword	MikadoSwd	MikdoSwd
29	Conqueror Sword	ConqSword	ConqSwd
30	Black King Sword	BlkKingSwd	BlkKgSwd
31	Ogre Blade		OgreBlde
32	Flame Sword	FlameSword	FlameSwd
33	Musashi Blade	MusashiBld	Musashi
34	Iskenderbey	Iskendrbey	Iskender
35	Ice Scimitar	IceScimitr	IceScimt
36	Ice Blade		IceBlade
37	Peridot Sword	PeridotSwd	PeridSwd
38	Euros		
39	Quick Sword	QuickSword	QuickSwd
40	Malachite Sword	MalachtSwd	MalchSwd
41	Summanus		
42	Notos		
43	Sigmund		
44	Broken Sword	BrokenSwd	BrknSwd
45	Death Claw		DthClaw
46	Evil Blade		EvilBlde
47	Relics Sword	RelicSword	RelicSwd
48	Azure Claw		AzurClaw
49	Godsword		
50	Kusanagi Blade	Kusanagi	Kusanagi
51	Caladbolg		Caladblg
52	Dragoon Spear	DragnSpear	DrgnSpr
53	Benkei Glaive	BenkeiGlv	BenkeiGl
54	Adamant Lance	AdmntLance	AdmLance
55	Osric Spear	OsricSpear	OsricSpr
56	Thunder Spear	ThndrSpear	ThndSpr
57	White Lance	WhiteLance	WhtLance
58	Lava Axe		
59	Boreas		
60	Frozen Cyclone	FrznCyclne	FrznCycl
61	Dark Cyclone	DarkCyclne	DarkCycl
62	Rune Axe		
63	Battle Fan		BtlFan
64	Scorching Staff	ScorchStf	ScrchStf
65	Flame Rod		FlameRod
66	Flame Flail	FlameFlail	FlmFlail
67	Raijin Whip	RaijinWhip	RaijnWhp
68	Devil Hammer	DevilHammr	DevlHamr
69	Kukai Rod		KukaiRod
70	Mystic Mace	MysticMace	MystMace
71	Ripple Rod		RipplRod
72	Silver Rod		SilvrRod
73	Holy Rod		
74	Shield Bow		ShldBow
75	Lightning Bow	LightngBow	LghtnBow
76	Dark Darts		DrkDarts
77	Spirit Charm	SpiritChrm	SprtChrm
78	Elder Sign		ElderSgn
79	Mist Dragon Horn	MistDrgHrn	MistHorn
80	Bell of Flame	FlameBell	FlmBell
81	Hydra Fang		HydrFang
82	Bell of Cold	ColdBell	ColdBell
83	Byakko Fang	ByakkoFang	ByakFang
84	Snow Orb		
85	Bell of Thunder	ThndrBell	ThndBell
86	Thunder Orb	ThunderOrb	ThndOrb
87	Dark Charm		DrkCharm
88	Black Cross	BlackCross	BlkCross
89	Mistletoe Leaf	Mistletoe	Mistltoe
90	Archangel Wing	ArchngWing	ArchWing
91	Iron Rosary	IronRosary	IronRsry
92	White Cross	WhiteCross	WhtCross
93	Ring of Power	PowerRing	PowrRing
94	Kotodama Ring	KotodmRing	KotoRing
95	Fire Dragon Ring	FireDrgRng	FDrgRing
96	Thunder Ring	ThndrRing	ThndRing
97	Brand Ring		BrndRing
98	Lucifer Ring	LucifrRing	LucfRing
99	Blessing Ring	BlessRing	BlssRing
100	Battle Bugle	BtlBugle	BtlBugle
101	Ninja Garb		NinjaGrb
102	Samurai Armor	SamurArmor	SamuArmr
103	Mail of Nail	MailofNail	NailMail
104	Golden Armor	GoldnArmor	GoldArmr
105	Mail of Earth	EarthMail	EarthMl
106	Dragon Mail	DragonMail	DrgnMail
107	Phoenix Robe	PhoenxRobe	PhnxRobe
108	Snow Mantle	SnowMantle	SnowMntl
109	Jet Black Armor	JetBlkArmr	JetArmor
110	Reaper Mantle	ReaperMntl	ReapMntl
111	Saint Garb		SaintGrb
112	Vow Vestment	VowVestmnt	VowVest
113	Pirate Helm	PirateHelm	PirtHelm
114	Silver Helmet	SilverHelm	SilvHelm
115	Silver Tiara	SilvrTiara	SilvTiar
116	Mystic Veil	MysticVeil	MystVeil
117	Conqueror Crown	ConqCrown	ConqCrwn
118	Burning Band	BurnngBand	BurnBand
119	Ice Bandana	IceBandana	IceBndna
120	Thunder Helm	ThndrHelm	ThndHelm
121	Devil Mask		DvlMask
122	Holy Crown		HolyCrwn
123	Iron Fist Glove	IronFist	IronFist
124	Thunder Glove	ThndrGlove	ThndGlov
125	Spike Shield	SpikeShld	SpikShld
126	Guts Shield	GutsShield	GutsShld
127	Decoy Shield	DecoyShld	DecyShld
128	Ogre Shield	OgreShield	OgreShld
129	Scorch Shield	ScorchShld	ScrchShd
130	Cold Shield	ColdShield	ColdShld
131	Nue Shield		NueShld
132	Dragostone		Dragston
133	Staff of Dead	DeadStaff	DeadStaf
134	Ring of Dead	DeadRing	DeadRing
135	Blood Spell	BloodSpell	BldSpell
136	Dream Crown	DreamCrown	DrmCrown
137	Rotten Pumpkin	RotPumpkin	RotPmpkn
138	Black Brand	BlackBrand	BlkBrand
139	Hard Bokuto	HardBokuto	HrdBokto
140	White Oath		WhtOath
141	Black Oath		BlkOath
142	Cat Tongue		CatTongu
143	Silver Cross	SilvrCross	SilvCrss
144	Hero Shard		HeroShrd
145	Body Essence	BodyEssnce	BodyEssn
146	Sword Symbol	SwordSymbl	SwdSymbl
147	Speed Gear		SpdGear
148	Mage Paper		MagePapr
149	Heart of Leo	LeoHeart	LeoHeart
150	Heart Mirror	HrtMirror	HrtMirrr
151	Vessel of Fate	FateVessel	FateVssl
152	Glass Pumpkin	GlassPmpkn	GlsPmpkn
153	Twinkle Star	TwinklStar	TwnkStar
154	Silver Doll	SilverDoll	SilvDoll
155	Goddess Statue	GodsStatue	GodStatu
156	Thunder Stone	ThndrStone	ThndStne
157	Bronze Maiden	BronzMaidn	BrnzMadn
158	Pure Ruby		PureRuby
159	Amber Knife	AmberKnife	AmbrKnif
160	Rainbow Choker	RainbwChkr	RnbwChkr
161	Iuria Letter	IuriaLtr	IuriaLtr
162	Chaos Up		
163	Chaos Down		ChaosDwn
164	Gauge Up		
165	Gauge Down		GaugeDwn
166	Tornado		
167	Petrobless		Petrblss
168	Fireball		
169	Blizzard		
170	Lightning		Lightnng
171	Nightmare		Nightmre
172	Charm		
173	Banish		
174	Healing		
175	Deep Sea		
176	Grassland		Grasslnd
177	Snowfield		Snowfld
178	Forest		
179	Wasteland		Wastelnd
180	Marsh		
181	Mountain		
182	Snow Mountain	SnowMtn	SnowMtn
183	Volcano		
184	Cliff		
185	Desert		
186	Base		
187	Light		
188	Dark		
189	Future Bond	FutureBond	FutrBond
