index	rom_addr	bytes	japanese	english
0	016836	0		
1	016836	12	7う⏎⏎キュアポーション	
2	016842	11	⏎む⏎⏎キュアストーン	
3	01684D	10	⏎?⏎⏎ソウルコール	
4	016857	12	1ま⏎⏎エコーのチャイム	
5	016863	10	0?⏎⏎キュアアンク	
6	01686D	11	3S3⏎ワンダーエッグ	
7	016878	11	3ぱ⏎⏎まんげつのいし	
8	016883	12	3?⏎⏎ジョーカーのふだ	
9	01688F	11	1?⏎⏎リターンハーフ	
10	01689A	12	3ョ7⏎ダウジングロッド	
11	0168A6	12	3⏎⏎⏎トレードチケット	
12	0168B2	11	3き⏎⏎オールサモンズ	
13	0168BD	12	1テH⏎ラブアンドピース	
14	0168C9	11	1き⏎⏎7リーグブーツ	
15	0168D4	11	38⏎⏎トロイのもくば	
16	0168DF	10	3ヒ⏎⏎やみのかおり	
17	0168E9	12	3ヒ⏎⏎ひかりのささやき	
18	0168F5	12	BEC⏎クリスタルボール	
19	016901	13	MヒせサBソニックブレード	
20	01690E	11	MラちサAデュランダル	
21	016919	12	Mきせサ9ビゼンオサフネ	
22	016925	11	M<E0>づェD1ゼピュロス	
23	016930	12	MョにェI2ファフニール	
24	01693C	10	ROしサGザンジバル	
25	016946	12	RアトサIブリュンヒルド	
26	016952	13	ES⏎サ1くろぬりのカタナ	
27	01695F	13	Eま⏎サ2つらぬきのつるぎ	
28	01696C	13	Eヴ⏎サ6ソードオブミカド	
29	016979	13	Eヅ2サ9はしゃのごうけん	
30	016986	13	Eそ6サDコクおうのつるぎ	
31	016993	12	EェGサIオウガブレード	
32	01699F	12	Fジ⏎サ4ほむらのつるぎ	
33	0169AB	13	Fう8サAムサシズブレード	
34	0169B8	14	FどAェD1イスケンデルベイ	
35	0169C6	13	Gく⏎サ1こおりのシミター	
36	0169D3	12	Gヂ⏎サ5アイスブレード	
37	0169DF	13	G?3サ9ペリダートソード	
38	0169EC	10	OパせェD1エウロス	
39	0169F6	13	OゼBシDIクイックソード	
40	016A03	14	GさAェG<FC>マラカイトソード	
41	016A11	11	Hを1サ5スムマーヌス	
42	016A1C	9	H<F6>しェD1ノトス	
43	016A25	10	H2EサHシグムンド	
44	016A2F	11	Eそ⏎サ2おれたまけん	
45	016A3A	11	E=⏎サ6しのかぎづめ	
46	016A45	14	Eナ0ェ61イービルブレード	
47	016A53	13	EサKェM<F0>レリクスソード	
48	016A60	13	Jも⏎サ3せいりゅうのつめ	
49	016A6D	14	Jパ9ェ68かみやどりのけん	
50	016A7B	13	Jも6サDクサナギブレード	
51	016A88	11	JビDサFカラドボルグ	
52	016A93	13	Uガ⏎サ5りゅうきしのやり	
53	016AA0	13	Uじ3サAベンケイグレイブ	
54	016AAD	14	えゼBヒIAアダマントランス	
55	016ABB	14	WオBェC5オズリックスピア	
56	016AC9	12	Xあ0サ7サンダースピア	
57	016AD5	13	くゼBシGDホワイトランス	
58	016AE2	12	と<E8>1サ9ようがんのおの	
59	016AEE	9	とヲたサFボレアス	
60	016AF7	13	す,2サ9いてついたせんぷ	
61	016B04	14	さQ5ェE<F8>あんこくのせんぷ	
62	016B12	12	た88サDルーンアックス	
63	016B1E	11	ひD⏎サ1バトルファン	
64	016B29	13	ふす⏎ひ1しゃくねつのつえ	
65	016B36	12	やヒ⏎ひ6ほのおのロッド	
66	016B42	13	ふウ⏎サ2フレイムフレイル	
67	016B4F	12	ほ+⏎サ4らいじんのムチ	
68	016B5B	13	ひぇ1ェA<FC>デビルハンマー	
69	016B68	13	みヂ⏎サ6クーカイのロッド	
70	016B75	13	み『0ェ05しんぴのメイス	
71	016B82	12	りをさひCリプルズロッド	
72	016B8E	12	り<E8>1シ96ぎんのロッド	
73	016B9A	13	り<DC>3シC7ホーリーロッド	
74	016BA7	12	ごゼBロDDシールドボウ	
75	016BB3	13	んド⏎サ5ライトニングボウ	
76	016BC0	12	ろへ⏎ェ10ダークダーツ	
77	016BCC	14	づも⏎Q111せいれいのごふ	
78	016BDA	15	づビIュ93ECエルダーサイン	
79	016BE9	19	ぱガて<FF>A<F6>8D2B2<FA>きりゅうのツノ	
80	016BFC	13	でき⏎E3ベルオブフレイム	
81	016C09	13	で<F0>3ヅ246ヒドラのきば	
82	016C16	13	どき⏎63ベルオブコールド	
83	016C23	13	どロ8も5Aビャッコのきば	
84	016C30	13	どサAご9<F8>Cゆきのオーブ	
85	016C3D	13	ばき⏎23ベルオブサンダー	
86	016C4A	14	ばパ4ソ4Fいかずちのオーブ	
87	016C58	15	づ<F0>3ュ6<FC>B<F0>あんこくのごふ	
88	016C67	14	ぱ<F4>⏎ふ11くろいじゅうじか	
89	016C75	11	ぶき⏎⏎1ヤドリギのハ	
90	016C80	15	ぶYHでE5Lだいてんしのはね	
91	016C8F	13	ぁ<F4>⏎ふ00てつのロザリオ	
92	016C9C	14	ぁ<F4>⏎ふ00しろいじゅうじか	
93	016CAA	14	ぇぽ5ェG<F9>リングオブパワー	
94	016CB8	14	ぇI3ェ<F4>Eことだまのゆびわ	
95	016CC6	14	ぉラ2ヒ4Cかりゅうのゆびわ	
96	016CD4	15	ゅび3タ1D4らいめいのゆびわ	
97	016CE3	15	ぇテ7ほ9H<F5>らくいんのゆびわ	
98	016CF2	15	ぇ<EC>HセJF<F1>ルシファーリング	
99	016D01	13	っ%4で3ACかごのゆびわ	
100	016D0E	14	サT⏎ロ00バトルビューグル	
101	016D1C	13	ヒく⏎W10ニンジャガーブ	
102	016D29	13	ヒま⏎U3サムライアーマー	
103	016D36	13	ヒわ⏎U5メイルオブネイル	
104	016D43	13	ヒA1UAおうごんのよろい	
105	016D50	14	ヒサAVE5メイルオブアース	
106	016D5E	12	ヤゼBESドラゴンメイル	
107	016D6A	14	フ<F6>2さ59ホウオウのローブ	
108	016D78	12	ユ65う9Eスノーマント	
109	016D84	15	ヒど⏎X62<FD>しっこくのよろい	
110	016D93	15	ヒ⏎8XBF<F5>しにがみのマント	
111	016DA2	14	ミも⏎V21セイントのガーブ	
112	016DB0	14	ミゃ⏎V3Bせいやくのせいふ	
113	016DBE	13	ロQ⏎U0かいぞくのかぶと	
114	016DCB	14	ロU⏎V1⏎ぎんのヘルメット	
115	016DD9	13	ロビ⏎V16ぎんのティアラ	
116	016DE6	14	ロバ⏎N593しんぴのベール	
117	016DF4	13	ロ<DC>3UFはおうのかんむり	
118	016E01	14	ワか⏎M4<FC>バーニングバンド	
119	016E0F	14	ヲあ⏎M<F7>5こおりのバンダナ	
120	016E1D	14	ンC⏎Y36らいめいのヘルム	
121	016E2B	13	ロひ⏎X26<FA>デビルマスク	
122	016E38	14	ギぁ⏎V5Bホーリークラウン	
123	016E46	12	ヅI⏎U0てっけんのこて	
124	016E52	13	バご⏎Y12サンダーグラブ	
125	016E5F	13	ェウ⏎U4スパイクシールド	
126	016E6C	15	ェぬ3てH<F8><FB>こんじょうのたて	
127	016E7B	13	ェ‥0VC5みがわりのたて	
128	016E88	13	ェきOWGJオウガシールド	
129	016E95	14	ォQ0さ7Aしゃくねつのたて	
130	016EA3	14	ャア0う6Dコールドシールド	
131	016EB1	14	ュご0Y5Cらいじゅうのたて	
132	016EBF	11	⏎‥5⏎ドラゴストーン	
133	016ECA	10	⏎ヒ4⏎ししゃのつえ	
134	016ED4	11	⏎パ9⏎ししゃのゆびわ	
135	016EDF	11	⏎てM⏎ブラッドスペル	
136	016EEA	12	⏎ェG⏎ドリームクラウン	
137	016EF6	12	⏎⏎⏎⏎くさったカボチャ	
138	016F02	11	⏎<DC>3⏎くろのらくいん	
139	016F0D	11	⏎「C⏎かたいぼくとう	
140	016F18	10	⏎<FC>6⏎しろきちかい	
141	016F22	10	⏎<FC>6⏎くろきちかい	
142	016F2C	11	7I3⏎キャッツトンガ	
143	016F37	11	⏎ぬD⏎シルバークロス	
144	016F42	12	⏎ろ3⏎ゆうしゃのかけら	
145	016F4E	12	⏎‥5⏎からだのみなもと	
146	016F5A	11	⏎<DC>3⏎ソードシンボル	
147	016F65	10	⏎ガ4⏎スピードギア	
148	016F6F	11	⏎<DC>3⏎マグスペーパー	
149	016F7A	11	⏎<E8>1⏎ハートオブレオ	
150	016F85	11	⏎<E8>1⏎こころのかがみ	
151	016F90	12	⏎そ6⏎うんめいのうつわ	
152	016F9C	12	6⏎⏎⏎ガラスのカボチャ	
153	016FA8	12	6⏎⏎⏎ティンクルスター	
154	016FB4	11	6<E8>1⏎シルバードール	
155	016FBF	12	6‥5⏎しろいめがみぞう	
156	016FCB	11	6<E8>1⏎いかずちのいし	
157	016FD6	12	6?⏎⏎どうのおとめぞう	
158	016FE2	11	6<E8>1⏎きよめたルビー	
159	016FED	11	6‥5⏎こはくのナイフ	
160	016FF8	12	6<F4>⏎⏎にじのチョーカー	
161	017004	12	6⏎⏎⏎ユーリアのてがみ	
162	017010	10	B<F4>⏎⏎カオスアップ	
163	01701A	10	B<F4>⏎⏎カオスダウン	
164	017024	10	⏎<F4>⏎⏎ゲージアップ	
165	01702E	10	⏎<F4>⏎⏎ゲージダウン	
166	017038	9	⏎び⏎⏎トルネード	
167	017041	10	⏎ウ⏎⏎ペドロブレス	
168	01704B	12	⏎ろ⏎⏎ファイアーボール	
169	017057	9	⏎じ⏎⏎ブリザード	
170	017060	10	⏎び⏎⏎ライトニング	
171	01706A	9	⏎じ⏎⏎ナイトメア	
172	017073	8	⏎ヅ2⏎チャーム	
173	01707B	9	⏎65⏎バニッシュ	
174	017084	9	⏎す⏎⏎ヒーリング	
175	01708D	8	⏎?⏎⏎しんかい	
176	017095	8	⏎?⏎⏎そうげん	
177	01709D	8	⏎?⏎⏎せつげん	
178	0170A5	8	⏎?⏎⏎しんりん	
179	0170AD	7	⏎?⏎⏎あれち	
180	0170B4	7	⏎?⏎⏎しっち	
181	0170BB	6	⏎?⏎⏎やま	
182	0170C1	8	⏎?⏎⏎ゆきやま	
183	0170C9	7	⏎?⏎⏎かざん	
184	0170D0	6	⏎?⏎⏎がけ	
185	0170D6	7	⏎?⏎⏎さばく	
186	0170DD	8	⏎?⏎⏎きょてん	
187	0170E5	7	⏎き⏎⏎ひかり	
188	0170EC	6	⏎き⏎⏎やみ	
189	0170F2	12	6⏎⏎⏎みらいへのきずな	
