index	rom_addr	japanese	english
2	018112	ユニットをはけん	DEPLOY
3	018192	アイテム	ITEMS
4	018212	ステータスをみる	STATUS
5	018292	けっさんのよそう	FORECAST
6	018312	モニター	MONITOR
7	018392	タロットカード	TAROT
8	018412	マップへもどる	BACK TO MAP
9	018492	へんせい	ORGANIZE
10	018512	キャラをいれる	ADD CHAR
11	018592	キャラをはずす	REMOVE CHAR
12	018612	フォーメーション	FORMATION
13	018692	キャラをさくじょ	DISMISS
14	018712	クラスチェンジ	CLASS CHANGE
15	018792	リーダーチェンジ	SET LEADER
16	018812	いどう	MOVE
17	018892	もくてきちをみる	DESTINATION
18	018912	バトルコマンド	BATTLE CMD
19	018992	キャラをこうかん	SWAP CHAR
20	018A12	キャラをほじゅう	REINFORCE
21	018A92	アイテムをかう	BUY
22	018B12	ふっかつのぎしき	REVIVAL RITE
23	018B92	にげる	RETREAT
24	018C12	せっとく	PERSUADE
25	018C92	キャラクター	CHARACTERS
26	018D12	アイテムをつかう	USE ITEM
27	018D92	アイテムをそうび	EQUIP
28	018E12	アイテムをはずす	UNEQUIP
29	018E92	アイテムをうる	SELL
30	018F12	アイテムをすてる	DISCARD
31	018F92	ならべかえ	REORDER
32	019012	アイテムをせいり	SORT ITEMS
33	019092	ユニットいれかえ	SWAP UNITS
34	019112	へんせいがめん	ORGANIZE
35	019192	アニメーション	ANIMATION
36	019212	ちゅうだん	SUSPEND
37	019292	NEXT	NEXT
38	019312	たいせん	VERSUS
39	019392	キャラをあげる	GIVE CHAR
40	019412	キャラをもらう	GET CHAR
41	019492	タイプ1ルール	RULES 1
42	019512	タイプ2ルール	RULES 2
43	019592	プレイヤーとうろく	REGISTER
44	019612	カスタム	CUSTOM
45	019692	アイテムをあげる	GIVE ITEM
46	019712	アイテムをもらう	GET ITEM
