index	japanese	current	proposed
34	エイブラハム	Eiburaham	Abraham
57	オルドリッチ	Oldoricchi	Aldrich
61	カーペンター	Karpentar	Carpentr
80	カラマゾフ	Karamazof	Karamazv
101	キングストン	Kingusuton	Kingston
116	クリスチャンセン	Kurisuchansen	Christsn
117	クリストファー	Kurisutofar	Christof
133	グレゴリー	Guregoree	Gregory
142	ゲルトリンガー	Geltoringar	Geltring
172	シェーンベルグ	Shaynbelg	Schonbrg
180	シュナイダー	Shunaidar	Schneidr
185	シングルトン	Shingulton	Singletn
206	スタインバーグ	Sutainbarg	Steinbrg
214	ストレイカー	Sutoreikar	Stryker
221	セバスチャン	Sebasuchan	Sebastn
225	セルバンテス	Selbantes	Cervants
234	タトゥーロー	Tatoooror	Turturro
240	ダビッドソン	Dabidoson	Davidson
242	ダルタニアン	Daltanian	Artagnan
243	チェンバレン	Chenbaren	Chambrln
254	テンスベルガー	Tensubelgar	Tensberg
265	デイトリッヒ	Deitorihhi	Dietrich
320	ハンプシャー	Hanpushar	Hampshre
327	バーンスタイン	Barnsutain	Bernstin
330	バクスター	Bakusutar	Baxter
338	バルサザール	Balsazarl	Balthazr
339	バレンタイン	Barentain	Valentin
342	バンクロフト	Bankurofut	Bancroft
358	ビクスビー	Bikusubee	Bixby
384	フランクリン	Furankurin	Franklin
387	フレデリック	Furederik	Frederik
393	ブラックバーン	Burakubarn	Blackbrn
395	ブラッドベリ	Buradoberi	Bradbury
407	ヘルナンデス	Helnandes	Hernandz
408	ヘンドリクセン	Hendorikusen	Hendrksn
443	マクファーソン	Makufarson	McPhersn
448	マックスウェル	Makusuwel	Maxwell
454	マルコビッチ	Malkobicchi	Malkovch
462	ムスターファ	Musutarfa	Mustafa
464	ムッソリーニ	Musoreeni	Mussolin
498	ランカスター	Rankasutar	Lancastr
513	リトルジョン	LittleJon	LittleJn
516	リビングストン	Ribingusuton	Livingst
585	アルテイシア	Alteishia	Artesia
616	エスメラルダ	Esumeralda	Esmerald
632	エリザベート	Erizabayt	Elisabet
661	カトリーヌ	Katoreenu	Cathrine
678	キャロライン	Kyarorain	Caroline
690	クリスティーヌ	Kurisuteenu	Christin
691	クリスティーン	Kurisuteen	Kristeen
712	コンスタンティア	Konsutantia	Constnta
752	シンデレラ	Shinderera	Cindrela
775	ジョセフィーヌ	Josefeenu	Josefine
788	ステイシー	Suteishee	Stacey
789	ステファニー	Sutefanee	Stefanie
792	ストロベリー	Sutoroberee	Strawbry
809	チェスタリーア	Chesutareea	Chestria
840	トレイシー	Toreishee	Tracey
846	ナスターシャ	Nasutarsha	Nastasha
880	パトリシア	Patorishia	Patricia
899	フランソワ	Furansowa	Francois
900	フランソワーズ	Furansowarz	Frncoise
902	フリスティーナ	Furisuteena	Fristina
905	フローレンス	Furorrens	Florence
906	フロイライン	Furoirain	Fraulein
914	プリメーラ	Purimayra	Primera
922	ベアトリーチェ	Beatoreeche	Beatrice
934	ペパーミント	Peparmint	Peprmint
961	マデリーヌ	Madereenu	Madeline
1020	ラズベリー	Razuberee	Raspbery
1058	レクサーヌ	Rekusarnu	Rexanne
1109	アイギストス	Aigisutos	Aegistus
1113	アイギュプトス	Aigyuputos	Aegyptus
1126	アウトメドーン	Automedorn	Automedn
1130	アガメムノ	Agamemuno	Agamemnn
1136	アスカラボス	Asukarabos	Ascalabs
1151	アルクメーネ	Alkumayne	Alcmene
1157	アレトゥーサ	Aretooosa	Arethusa
1172	イプシロン	Ipushiron	Epsilon
1203	エピゴノイ	Epigonnoi	Epigoni
1210	エルペノル	El Penoll	Elpenor
1212	エンケラドス	Enkerados	Encelads
1228	カスタリアン	Kasutarian	Castalia
1231	ガニュメデ	Ganyumede	Ganymede
1238	カリストー	Karisutor	Callisto
1250	キュージコス	Kyoojikos	Cyzicus
1251	キュノルタス	Kyunoltas	Cynortas
1260	クリテーイス	Kuritayis	Critheis
1281	サラムボー	Saramubor	Salammbo
1283	シキュオーン	Shikyuorn	Sicyon
1284	シーシュポス	Sheeshupos	Sisyphus
1288	シビュレー	Shibyuray	Sibyl
1293	シルウァーヌ	Shilwarnu	Silvanus
1296	スキュピオス	Sukyupios	Skyphios
1298	スタピュロス	Sutapyuros	Staphyls
1299	ステネロス	Suteneros	Sthenels
1304	ゼータンカス	Zaytankas	Zetankas
1306	セミラミス	Semiramis	Semirams
1308	セレストゥス	Seresutos	Celestus
1331	デアシュリア	Deashuria	Deashria
1335	デイアネイラ	Deianeira	Deianira
1342	デウカリオン	Deukarion	Deucalon
1346	テクタモス	Tekutamos	Tectamus
1368	トラシュメデス	Torashumedes	Thrasymd
1371	ドリュオペー	Doryuopay	Dryope
1372	ナウシトオス	Naushitoos	Nausitho
1405	パシレイア	Pashireia	Basileia
1407	パッサカリア	Pasakaria	Passacal
1437	ヒュルタコス	Hyultakos	Hyrtacus
1444	フェブリレス	Feburires	Febrires
1446	フォアシュピル	Foashupil	Vorspiel
1452	プラシオス	Purashios	Prasios
1457	プルートーン	Purootorn	Pluton
1462	プレグラー	Puregurar	Pregler
1464	プロクネー	Purokunay	Procne
1466	プロセビナ	Purosebina	Proserpn
1469	プロニメー	Puronimay	Pronime
1476	ヘカメーデ	Hekamayde	Hecamede
1482	ペパレトス	Peparetos	Peparets
1487	ヘラクレー	Herakuray	Heracle
1488	ヘレエルゴス	Hereelgos	Helergos
1492	ヘルキューナ	Helkyoona	Hercyna
1493	ヘルシリア	Helshiria	Hersilia
1495	ペルセポネー	Pelseponay	Persephn
1500	ベレクロス	Berekuros	Berecros
1510	ペンテシレイア	Penteshireia	Penthesl
1515	ボスポロス	Bosuporos	Bosporus
1521	ホプラダーモス	Hopuradarmos	Hopladam
1526	ポリフォニー	Porifonee	Polyphon
1527	ボリュドイス	Boryudois	Polydois
1529	ポリュクセネー	Poryukusenay	Polyxena
1530	ポリュクソー	Poryukusor	Polyxo
1531	ポリュダムナ	Poryudamuna	Polydmna
1533	ポルテウスボロス	Polteusuboros	Porteus
1542	マグナマーテル	Magunamartel	MagnaMtr
1549	ミセリコルディ	Miserikoldi	Misercrd
1559	ミュルティロス	Myultiros	Myrtilus
1561	ミュミドーン	Myumidorn	Myrmidon
1564	ムサゲーテウス	Musagayteus	Musagets
1566	ムルキベル	Mulkibell	Mulciber
1568	メガメーデ	Megamayde	Megamede
1571	メーストラ	Maysutora	Mestra
1574	メタネイラ	Metaneira	Metanira
1575	メテュオーン	Meteyuorn	Methyon
1578	メネステウス	Menesuteus	Menesths
1579	メノイティオス	Menoitios	Menoetus
1582	メラニッポス	Meranipos	Melanipp
1584	メラムブース	Meramuboos	Melampus
1585	メレアグロス	Mereaguros	Meleager
1598	ユスティティア	Yusutitia	Justitia
1606	ラオデュケー	Raodeyukay	Laodice
1609	ラダマンティス	Radamantis	Rhadamnt
1615	ラムプサケー	Ramupusakay	Lampsace
1616	ラムペトス	Ramupetos	Lampetos
1618	ラーレンティア	Rarrentia	Larentia
1620	リキュムニオス	Rikyumunios	Licymnus
1621	リテュエルセーテ	Riteyuelsayte	Lityerse
1623	リビティーナ	Ribiteena	Libitina
1625	リベンティーナ	Ribentina	Libentin
1628	リュカストス	Ryukasutos	Lycastus
1629	リュクルゴス	Ryukulgos	Lycurgus
1632	リュコプローン	Ryukopurorn	Lycophrn
1633	リュコメーデス	Ryukomaydes	Lycomeds
1634	リューシッペー	Ryooshipay	Lysippe
