msg	rom_addr	bytes	pointer	japanese	english
0000	000000	29	ptr@003FD3,004084,004368	ほれろざをやめもがUへざUんるよUほれをろれをふがやれるひ	
0001	000022	14	ptr@024FBC	6EれめをみぢへふががらみU	
0002	00012A	8	-	た6ぅるォ8ひは	
0003	000140	4	ptr@005513,01DA85	テすしサ	
0004	000149	4	-	ヌすしU	
0005	0001AA	4	-	わC「・	
0006	00065A	5	-	リちU「ヴ	
0007	0008EA	4	-	Uネけは	
0008	000A07	6	-	あバぐ©との	
0009	000A74	6	-	あバぐ©との	
0010	000AE6	8	-	6またミあブがV	
0011	000B95	6	-	シバわ©との	
0012	000BD1	7	-	バを…で©との	
0013	00220D	9	-	のバにゥつぅつゥつ	
0014	002511	5	-	のダとダな	
0015	002E46	16	ptr@005D3F,012E78	このキャラクターをうしなうことに	You will lose this
0015	002E57	14	-	なりますが、よろしいですか?	character. OK?
0016	002E67	9	ptr@005D1F,012E5B	このキャラクターを	This character
0016	002E71	15	-	さくじょすることはできません。	cannot be deleted.
0017	002E82	9	ptr@005D0D,012E2F	ユニットリーダーを	The unit leader
0017	002E8C	15	-	さくじょすることはできません。	cannot be deleted.
0018	002E9D	18	ptr@006210,013112	このキャラクターは、げんざいリーダー	The leader cannot
0018	002EB0	18	-	のため、リーダーしかくがないクラスを	change to a class
0018	002EC3	15	-	せんたくすることはできません。	that can't lead.
0019	002EE2	8	-	よろしいですか?	
0020	002F2A	3	-	わしに	
0020	002F2E	5	-	ホFほ4が	
0021	003243	6	-	ぃがか,ムい	
0022	003253	4	-	?』でW	
0023	00350A	4	-	ォ・みは	
0024	003667	8	-	わドわ!ナ©、A	
0025	0036CD	6	-	Rんぐちさく	
0026	003954	4	-	をはUチ	
0027	003988	5	-	でV「、ら	
0028	003997	5	-	でV「、ろ	
0029	003AF4	12	-	プ。し3…パ「をひずにU	
0030	003B07	4	-	、ぞにU	
0031	003B0D	4	-	?カにU	
0032	003CE9	10	-	リーダーをうしなった	The leader fell.
0032	003CF4	6	-	ぎゆうぐんは	The volunteer army
0032	003CFB	10	-	かいめつしました…。	was annihilated…
0033	003D6D	4	-	でせそK	
0034	00418A	5	-	ウみたソは	
0035	00419C	5	-	でZ…、ろ	
0036	0041BC	5	-	でZ…、め	
0037	00464D	5	-	がヘせし8	
0038	0046C4	4	-	ォ4がは	
0039	004835	6	-	はUさネけは	
0040	00488A	16	-	ざいのプレイないようをほぞんして	Save progress and
0040	00489B	18	-	でんげんをきります。よろしいですか?	power off. OK?
0041	0048AF	15	ptr@004860	このプレイをさいかいするときは	To resume, choose
0041	0048BF	16	-	タイトルがめんでコンティニューを	Continue on the
0041	0048D0	9	-	えらんでください。	title screen.
0042	0048DB	14	ptr@00486E	なお、プレイをさいかいすると	Note: resuming
0042	0048EA	8	-	ほぞんないようは	will erase the
0042	0048F3	10	-	しょうきょされます。	saved data.
0043	004FF3	5	-	もナえぐU	
0044	005471	5	-	ヒみピがU	
0045	005527	6	-	けさほぞけU	
0046	0055CD	9	-	このキャラクターを	This character
0046	0055D7	15	-	きかんさせることはできません。	cannot return.
0047	0055E8	18	ptr@005561	リーダーをせんたくするとユニットごと	Picking the leader
0047	0055FB	18	-	きかんになりますが、よろしいですか?	returns the whole
0048	005718	6	-	セシみギのき	
0049	005887	5	-	ィひづP+	
0049s00588E	00588E	13	-	このユニットをくわえるには	Not enough Goth
0049s00588E	00589C	15	-	しょじきんがふそくしています。	to add it.
0050	00590C	4	-	づたちェ	
0051	005B30	8	-	よろしいですか?	Confirm?
0052	005B3A	16	ptr@005ACA	しょじきんが、ふそくしています。	Not enough funds.
0053	005C37	6	-	ジをすネけは	
0054	005D4A	6	-	はUさネけは	
0055	005E70	6	-	はUさネけは	
0056	005EB7	7	-	シVォスみいあ	
0057	005FB6	6	-	はUさネけは	
0058	006012	11	-	んぽうに、いどうさせる	No room
0058	00601E	9	-	よちがありません。	up front.
0059	006029	9	ptr@005F64	このキャラクターを	This character
0059	006033	15	-	いどうさせることはできません。	cannot move.
0060	006044	9	ptr@005F5D	ユニットリーダーを	The unit leader
0060	00604E	15	-	いどうさせることはできません。	cannot move.
0061	0061C9	4	-	づたちェ	
0062	0061EC	4	-	へくどU	
0063	00622F	9	-	?どUサさォぁみは	
0063	006239	4	-	へすどU	
0064	006B25	32	-	デんドんドんドんドんドんドんドんドんドんドんドんドんドんドんデー	
0065	006D6B	5	-	ゃわたちA	
0066	006E87	5	-	ウはッユさ	
0066	006E8D	4	-	けさねま	
0067	006F29	7	-	このユニットは	This unit cannot
0067	006F31	15	-	リーダーがこうどうふのうのため	deploy: its leader
0067	006F41	14	-	はけんすることができません。	is incapacitated.
0068	006F51	14	ptr@006ED2	このユニットをはけんするには	You lack the funds
0068	006F60	15	-	しょじきんがふそくしています。	to deploy it.
0069	006F71	11	ptr@006EE0	はけんひようはゴートに	Deploy cost
0070	006F83	8	-	よろしいですか?	Confirm?
0071	006F94	5	-	づ?でタは	
0072	007038	5	-	?ェゲしU	
0073	007273	3	-	0・さ	
0073	007277	7	-	そ、ヒ©ソちェ	
0074	007453	4	-	?なぉV	
0075	007649	4	-	?なぉV	
0076	0076BC	4	-	?なぉV	
0077	0076CC	4	-	みYふき	
0078	00772A	4	-	づたちッ	
0079	007773	16	-	アイテムストックがいっぱいです。	Item stock full.
0079	007784	18	-	これいじょう、こうにゅうできません。	No more purchases.
0080	007798	16	ptr@00752B	このアイテムをこうにゅうするには	You lack the funds
0080	0077A9	16	-	しょじきんが、ふそくしています。	to buy this item.
0081	0079D6	4	-	づたちェ	
0082	007B32	4	-	づたちェ	
0083	007D83	4	-	ニ。げあ	
0084	00825E	11	ptr@0079C3	しゅうにゅう&ししゅつ	Income&Costs
0084	00826A	12	-	ーーーーーーーーーーーー	
0084	008277	6	-	えんじょきん	Support
0084	00827E	1	-	<01>	
0084	008280	1	-	<01>	
0084	008282	6	-	はけんコスト	Deploy
0084	008289	1	-	<01>	
0084	00828B	1	-	<01>	
0084	00828D	7	-	くりこししさん	Carried
0084	008295	1	-	<01>	
0084	008297	1	-	<01>	
0084	008299	5	-	そうしさん	Total
0086	008299	5	ptr@005968,007754	そうしさん	Total
0087	0082A0	16	ptr@007A51	しょじきんが、ふそくしています。	Not enough funds.
0087	0082B1	17	-	はけんちゅうのユニットからキャラを	Return a character
0087	0082C3	16	-	えらんで、きかんさせてください。	from the field.
0088	00849F	8	-	ごホ4Iさネけは	
0089	008599	4	-	ォ「では	
0090	008671	5	-	ぬ1そまか	
0090	008677	6	-	ぶTみ、』U	
0090	00867E	4	-	ォゃみは	
0091	0086DB	13	-	ラホA4け「にUさォノみは	
0091	0086E9	4	-	へガひU	
0092	008864	6	ptr@00831C	のユニットが	
0092	00886B	16	-	いどうをしゅうりょうしました。を	
0092	00887C	23	-	かいほうしました。タロットカードをひきますか?	
0093	0088B7	22	ptr@0087CE	カオスフレームいご、タロットカードのこうかは	
0093	0088CE	15	-	はけんちゅうのユニットすべてが	
0093	0088DE	11	-	たいしょうとなります。	
0094	00890B	9	-	はっけんしました。	
0095	008924	7	-	Uユ…ムうユさ	
0096	00893D	6	-	はUさネけは	
0097	008965	6	-	はUさネけは	
0098	0089AC	4	-	ォカみは	
0099	008AB3	4	-	ォサみは	
0100	008AE8	5	-	Uォサみは	
0101	008CC6	9	-	ストックしますか?	
0102	008CE2	6	-	ひきました。	
0103	008D00	9	ptr@003C8C,007C9C	どれかすてますか?	Discard one?
0104	008D27	8	-	づそ。テ?ぴSベ	
0104	008D30	4	ptr@0084E6,01364F,013B59	みこノU	
0105	008D76	3	-	だタは	
0105	008D7A	3	-	ぶしブ	
0106	008DD2	18	-	うもれたざいほうをはっけんしました。	Treasure unearthed
0107	008E03	5	-	Vみそせい	
0108	008E31	9	-	はっけんしました。	found!
0109	008E3C	4	ptr@008D68,008DB7	おだャU	
0110	008EBC	7	-	Uユ…ムうユさ	
0111	008EE3	12	-	はっけんされたざいほうは	
0111	008EF0	6	-	『』でした。	
0112	008FCE	4	-	ギむいあ	
0113	0090D0	4	-	Nまジを	
0114	00950C	4	-	ひぱさい	
0115	009575	4	-	ォ,みは	
0116	00966C	9	-	ひきいるユニットが	
0116	009676	18	-	てきたいユニットとそうぐうしました。	
0117	00968A	9	ptr@0090C3	ひきいるユニットが	
0117	009694	12	-	ちゅうりつキャラクターと	
0117	0096A1	9	-	そうぐうしました。	
0118	0096AC	8	ptr@00938E	せんりひんとして	
0118	0096B5	3	-	『』を	
0118	0096B9	9	-	はっけんしました。	
0119	0096CF	4	-	?…メU	
0120	00971D	4	-	?ウせい	
0121	00973A	7	-	Rピだえみへぶ	
0122	009799	4	-	?ウせい	
0123	0097BB	7	-	Rピだえみへぶ	
0124	0099DE	5	-	スろそすG	
0125	009A40	5	-	べつヌ0は	
0126	009D49	5	-	?ェザしU	
0127	009E27	5	-	べてニ5は	
0128	00A04A	5	-	べてニ5は	
0129	00A39C	4	-	Iがきま	
0130	00A3C8	6	-	ほんきょちを	Your HQ fell to
0130	00A3CF	10	-	てきたいせいりょくに	the enemy!
0130	00A3DA	12	-	うばわれてしまいました。	-
0131	00B885	4	-	にェはェ	
0132	00BAB5	4	-	じとご7	
0133	00CDD6	18	-	このユニットにキャラクターをくわえる	To add a character
0133	00CDE9	18	-	には、フォーメーションをへんこうする	change the
0133	00CDFC	10	-	ひつようがあります。	formation first.
0135	00CEFA	4	-	Gたソは	
0136	00D82A	4	-	?ぷ「U	
0137	00D978	9	-	くこうけすくEEウ	
0138	00D98C	9	-	うつすすくすFEゅ	
0138	00D996	9	-	とへもとふしHUど	
0138	00D9A0	9	-	さへげもわはIさヤ	
0138	00D9AA	9	-	ろづじけすさJUユ	
0138	00D9B4	9	-	ぷアぃてKてNさギ	
0138	00D9BE	9	-	ケぇぶのるぬKひズ	
0138	00D9C8	9	-	んだツぬJくLろ,	
0138	00D9D2	9	-	ツオイひれちOづゥ	
0139	00DA7C	7	-	ユサどたかえC	
0140	00DA86	6	-	イハぇてあの	
0141	00DA90	6	-	さいあちえち	
0142	00DA9A	6	-	くいあちえち	
0143	00DAA4	6	-	ぬけきちえち	
0144	00DAAE	6	-	なそくすくか	
0145	00DAB8	6	-	にふよすくす	
0146	00DAC2	7	-	ふにせてねこD	
0147	00DACC	6	-	もまぬすくか	
0148	00DAE0	7	-	ぁみてあむさS	
0149	00DAEA	7	-	ふにせてねこT	
0150	00DB09	8	-	りくこうけすくび	
0151	00DB19	9	-	らしそきつのすご0	
0152	00DB29	9	-	ほててくのるぬら2	
0153	00DB39	9	-	をらをゆのをて‥5	
0154	00DB49	9	-	じでぢごのよひ‥5	
0155	00DB69	9	-	ゆなとおなLはソ1	
0156	00DB89	9	-	ぐすちせてねこポ0	
0157	00DB99	9	-	づつにちひれちヅ2	
0158	00DBA9	9	-	びのほつむんち‥5	
0159	00DBF9	9	-	んさせしつすなじ3	
0160	00DC09	9	-	ぎそたせはすふ‥5	
0161	00DC19	9	-	るうちたそたこを1	
0162	00DC29	7	-	るあととなみお	
0163	00DC59	9	-	やいこつぬJくヅ2	
0164	00DC79	9	-	ごこてすたちそナ0	
0165	00DC89	8	-	んおすそけすさび	
0166	00DC99	12	-	わくそちたちそぽ03にG	
0167	00DCA9	12	-	らさつてのよひむ33ふH	
0168	00DCD9	8	-	げえちそとふし?	
0169	00DCF9	12	-	ゆくねねまげてポ03ちさ	
0170	00DD09	12	-	るくななまろつド03ちI	
0171	00DD29	12	-	ろすすつぬむふを13ちE	
0172	00DD41	4	-	13あE	
0173	00DD69	7	-	りくこうおすく	
0174	00DD89	7	-	りくこうおすく	
0175	00DD99	9	-	くおくねすHのひ4	
0176	00DDA9	7	-	くおくねすHの	
0177	00DDB9	4	-	どくくT	
0177	00DDBE	3	-	くもび	
0178	00DE09	8	-	ざちうSVすき?	
0179	00DF29	5	-	るひかたこ	
0180	00E009	8	-	さあそしNすのび	
0181	00E039	8	-	ろすなZSくた?	
0182	00E081	4	-	13すす	
0183	00E0A9	12	-	ろくなむの7おぽ53まそ	
0184	00E0B9	12	-	わくそちたちそ‥03にそ	
0185	00E0C9	12	-	むうくくぬちくむ33にた	
0186	00E0D9	9	-	らつさきつちすご0	
0187	00E0E9	9	-	ほふそくのちぬら2	
0188	00E0F9	9	-	りしすかすちすご0	
0189	00E119	7	-	りくこうけすく	
0190	00E129	7	-	りくこうけすく	
0191	00E139	7	-	りくこうけすく	
0192	00E149	7	-	りくこうけすく	
0193	00E159	7	-	りくこうけすく	
0194	00E169	7	-	らしそきつのす	
0195	00E179	7	-	らしそきつのす	
0196	00E189	7	-	らしそきつのす	
0197	00E199	7	-	らしそきつのす	
0198	00E1A9	7	-	らしそきつのす	
0199	00E1B9	7	-	をらをゆのをて	
0200	00E1C9	7	-	をらをゆのをて	
0201	00E1D9	7	-	をらをゆのをて	
0202	00E1E9	7	-	をらをゆのをて	
0203	00E1F9	7	-	をらをゆのをて	
0204	00E209	7	-	じうつすすくす	
0205	00E219	7	-	ぐあしくつXさ	
0206	00E229	7	-	やいこつぬJく	
0207	00E807	4	-	にぬねし	
0208	00EA71	4	-	9すびす	
0209	00F105	8	-	いきのねをとめろ	
0210	00F42C	8	-	つめたいまなざし	
0211	00F468	8	-	いかりのてっけん	
0212	00F47C	8	-	こおりのいちげき	
0213	00F486	8	-	ほのおのいちげき	
0214	00F4AE	8	-	いかりのいちげき	
0215	00F4B8	8	-	うらみのいちげき	
0216	00F4C2	8	-	のろいのいちげき	
0217	00F743	8	ptr@00F6E8	ほのおのまほうで	Fire
0217	00F74C	5	-	ダメージを	magic
0217	00F752	6	-	あたえます。	damage.
0218	00F75A	7	ptr@00F6EC	みかたのHPを	Heals
0218	00F762	8	-	50ずつかいふく	allies
0218	00F76B	4	-	します。	50 HP.
0219	00F771	8	ptr@00F6F0	みかたぜんいんの	Fully
0219	00F77A	8	-	HPをかんぜんに	heals
0219	00F783	8	-	かいふくします。	allies.
0220	00F78D	7	ptr@00F6F4	みかたキャラの	Allies
0220	00F795	8	-	こうげきを1かい	gain one
0220	00F79E	8	-	ずつふやします。	attack.
0221	00F7A8	8	ptr@00F6F8	てきをねむらせて	Puts
0221	00F7B1	8	-	こうどうふのうに	foes to
0221	00F7BA	4	-	します。	sleep.
0222	00F7C0	9	ptr@00F6FC	てきをうらぎらせて	Turns
0222	00F7CA	5	-	どうしうち	foes on
0222	00F7D0	5	-	させます。	allies.
0223	00F7D7	7	ptr@00F700	ゆうしゃロキが	Loki the
0223	00F7DF	5	-	ダメージを	hero
0223	00F7E5	6	-	あたえます。	attacks.
0224	00F7ED	4	ptr@00F704	みかたの	Raises
0224	00F7F2	7	-	しゅびりょくが	allies'
0224	00F7FA	7	-	アップします。	defense.
0225	00F803	9	ptr@00F708	けんじゃマーリンが	Merlin
0225	00F80D	5	-	ダメージを	the sage
0225	00F813	6	-	あたえます。	attacks.
0226	00F81B	8	ptr@00F70C	てきをおいはらい	Repel
0226	00F824	6	-	せんとうから	foes and
0226	00F82B	6	-	のがれます。	escape.
0227	00F833	6	ptr@00F710	きょうれつな	Fierce
0227	00F83A	9	-	ふぶきでダメージを	blizzard
0227	00F844	6	-	あたえます。	damage.
0228	00F84C	3	ptr@00F714	てきの	Lowers
0228	00F850	7	-	しゅびりょくを	foes'
0228	00F858	5	-	さげます。	defense.
0229	00F85F	5	ptr@00F718	しにがみが	Death
0229	00F865	7	-	よわったてきを	slays
0229	00F86D	8	-	そくしさせます。	the weak.
0230	00F877	9	ptr@00F71C	ねむりやマヒなどの	Cures
0230	00F881	4	-	みかたを	status
0230	00F886	8	-	かいふくします。	effects.
0231	00F8A6	8	ptr@00F724	じしんをおこして	Quake
0231	00F8AF	5	-	ダメージを	deals
0231	00F8B5	6	-	あたえます。	damage.
0232	00F8BD	8	ptr@00F728	みかたのAGIを	Raises
0232	00F8C6	7	-	アップします。	allies' AGI.
0233	00F8CF	3	ptr@00F72C	てきの	Swaps
0233	00F8D3	7	-	まえとうしろを	foes'
0233	00F8DB	7	-	いれかえます。	ranks.
0234	00F8EC	9	-	キャラにダメージを	Damages
0234	00F8F6	6	-	あたえます。	all.
0235	00F8FE	8	ptr@00F734	せいなるひかりで	Holy
0235	00F907	5	-	ダメージを	light
0235	00F90D	6	-	あたえます。	damage.
0236	00F915	3	ptr@00F73C	てきの	Blocks
0236	00F919	8	-	まほうこうげきを	foes'
0236	00F922	6	-	ふせぎます。	magic.
0237	00F92A	8	ptr@00F738	リーダーいがいの	Repels
0237	00F933	3	-	てきを	all but
0237	00F937	8	-	おいはらいます。	leader.
0238	00F95D	8	ptr@00F941,00F959	タロットカードを	Use a
0238	00F966	6	-	つかうことが	tarot
0238	00F96D	5	-	できます。	card.
0239	00F974	7	ptr@00F945	たたかうときの	Change
0239	00F97C	5	-	さくせんを	battle
0239	00F982	9	-	へんこうできます。	tactics.
0240	00F98D	6	ptr@00F949	たたかいから	Flee
0240	00F994	7	-	のがれることが	from
0240	00F99C	5	-	できます。	battle.
0241	00F9A3	7	ptr@00F94D	アニメーション	Toggles
0241	00F9AB	8	-	させるかどうかを	battle
0241	00F9B4	8	-	せっていします。	scenes.
0242	00F9BE	9	ptr@00F951	ちゅうりつキャラを	Persuade
0242	00F9C8	8	-	なかまにするため	neutrals
0242	00F9D1	8	-	せっとくします。	to join.
0243	00F9DB	6	ptr@00F955	せんとうよう	Use
0243	00F9E2	5	-	アイテムを	battle
0243	00F9E8	8	-	しようできます。	items.
0244	00FA02	9	ptr@00F9F2	こうしゅのバランス	Balanced
0244	00FA0C	8	-	がとれたへいきん	attack &
0244	00FA15	8	-	てきなさくせん。	defense.
0245	00FA1F	6	ptr@00F9F6	HPのたかい	Target
0245	00FA26	7	-	キャラをねらい	high-HP
0245	00FA2E	6	-	うちします。	foes.
0246	00FA36	8	ptr@00F9FA	てきのリーダーを	Target
0246	00FA3F	6	-	ねらいます。	the foe leader.
0247	00FA47	6	ptr@00F9FE	HPのひくい	Target
0247	00FA4E	7	-	キャラをねらい	low-HP
0247	00FA56	6	-	うちします。	foes.
0248	00FAC6	8	ptr@00FA5E	ウェイトゲージの	Speeds
0248	00FACF	7	-	ぞうかそくどを	up wait
0248	00FAD7	5	-	あげます。	gauge.
0249	00FADE	8	ptr@00FA62	ウェイトゲージの	Slows
0249	00FAE7	7	-	ぞうかそくどを	the wait
0249	00FAEF	5	-	さげます。	gauge.
0250	00FAF6	8	ptr@00FA66	たつまきをつくり	Tornado
0250	00FAFF	5	-	ダメージを	deals
0250	00FB05	6	-	あたえます。	damage.
0251	00FB0D	3	ptr@00FA6A	てきを	Turns
0251	00FB11	7	-	せきかします。	foes to stone.
0252	00FB1A	5	ptr@00FA6E	ひのたまで	Fireball
0252	00FB20	5	-	ダメージを	deals
0252	00FB26	6	-	あたえます。	damage.
0253	00FB2E	9	ptr@00FA72	こおりのけっしょう	Ice
0253	00FB38	9	-	をぶつけてダメージ	crystal
0253	00FB42	7	-	をあたえます。	damage.
0254	00FB4B	9	ptr@00FA76	いなずまをはっせい	
0255	00FB58	5	-	ダメージを	does
0255	00FB5E	6	-	あたえます。	damage.
0256	00FB66	9	ptr@00FA7A	じゃあくなせいしん	Evil
0256	00FB70	8	-	エネルギーでダメ	spirit
0256	00FB79	9	-	ージをあたえます。	damage.
0257	00FB84	9	ptr@00FA7E	てきをみりょうして	Charms
0257	00FB8E	5	-	どうしうち	foes:
0257	00FB94	5	-	させます。	infight.
0258	00FB9B	8	ptr@00FA82	せいなるひかりで	Holy
0258	00FBA4	5	-	ダメージを	light
0258	00FBAA	6	-	あたえます。	damage.
0259	00FBB2	7	ptr@00FA86	HPをかいふく	Heals
0259	00FBBA	4	-	します。	HP.
0260	00FBC0	6	ptr@00FA8A	フィールドを	Turns
0260	00FBC7	5	-	しんかいに	field to
0260	00FBCD	5	-	かえます。	deep sea
0261	00FBD4	6	ptr@00FA8E	フィールドを	Turns
0261	00FBDB	5	-	そうげんに	field to
0261	00FBE1	5	-	かえます。	grass.
0262	00FBE8	6	ptr@00FA92	フィールドを	Turns
0262	00FBEF	5	-	せつげんに	field to
0262	00FBF5	5	-	かえます。	snow.
0263	00FBFC	6	ptr@00FA96	フィールドを	Turns
0263	00FC03	5	-	しんりんに	field to
0263	00FC09	5	-	かえます。	forest.
0264	00FC10	6	ptr@00FA9A	フィールドを	Turns
0264	00FC17	4	-	あれちに	field to
0264	00FC1C	5	-	かえます。	waste.
0265	00FC23	6	ptr@00FA9E	フィールドを	Turns
0265	00FC2A	4	-	しっちに	field to
0265	00FC2F	5	-	かえます。	marsh.
0266	00FC36	6	ptr@00FAA2	フィールドを	Turns
0266	00FC3D	3	-	やまに	field to
0266	00FC41	5	-	かえます。	mountain
0267	00FC48	6	ptr@00FAA6	フィールドを	Turns
0267	00FC4F	5	-	ゆきやまに	field to
0267	00FC55	5	-	かえます。	snowy mt
0268	00FC5C	6	ptr@00FAAA	フィールドを	Turns
0268	00FC63	4	-	かざんに	field to
0268	00FC68	5	-	かえます。	volcano.
0269	00FC6F	6	ptr@00FAAE	フィールドを	Turns
0269	00FC76	3	-	がけに	field to
0269	00FC7A	5	-	かえます。	cliffs.
0270	00FC81	6	ptr@00FAB2	フィールドを	Turns
0270	00FC88	4	-	さばくに	field to
0270	00FC8D	5	-	かえます。	desert.
0271	00FC94	6	ptr@00FAB6	フィールドを	Turns
0271	00FC9B	5	-	きょてんに	field to
0271	00FCA1	5	-	かえます。	a base.
0272	00FCA8	4	ptr@00FABA	じかんを	Turns
0272	00FCAD	7	-	よるからひるに	night to
0272	00FCB5	5	-	かえます。	day.
0273	00FCBC	4	ptr@00FABE	じかんを	Turns
0273	00FCC1	7	-	ひるからよるに	day to
0273	00FCC9	5	-	かえます。	night.
0274	00FCD0	9	ptr@00FAC2	しんせいけいまほう	
0275	00FCDC	5	-	ダメージを	does
0275	00FCE2	6	-	あたえます。	damage.
0276	0126AE	4	-	ォサみは	
0277	012716	5	-	そうしさん	
0278	012745	4	-	ォヒがは	
0279	01274F	4	-	ほさビえ	
0280	012A14	4	-	へたおV	
0281	012AD5	12	-	Aすォスみり…?ケわスは	
0282	012B21	16	-	ユニットにくわえるキャラクターを	Choose a character
0282	012B32	9	-	えらんでください。	to add.
0283	012B58	15	ptr@012AB4	このユニットをとうろくします。	Register the unit.
0283	012B68	8	-	よろしいですか?	Confirm?
0284	012B72	7	ptr@0129C5	このユニットに	This unit cannot
0284	012B7A	12	-	Lサイズのキャラクターを	take a large
0284	012B87	13	-	くわえることはできません。	character.
0285	012B96	14	ptr@0128AC	ユニットすうを、これいじょう	You cannot have
0285	012BA5	12	-	ふやすことはできません。	any more units.
0286	012BB3	3	ptr@012934,0129EF	さねそ	
0286	012BB7	5	-	ヒみAるV	
0287	012BDA	6	-	Uさォネみは	
0288	012C37	7	-	オそVさネけは	
0289	012CD9	16	-	このキャラクターは、ユニットから	This character
0289	012CEA	12	-	はずすことができません。	cannot leave.
0290	012CF8	18	ptr@012C26	リーダーをはずすと、ユニットかいさん	Removing a leader
0290	012D0B	15	-	になりますが、よろしいですか?	disbands the unit.
0291	012D73	7	-	オそVさネけは	
0292	012E87	7	-	がたVさネけは	
0293	012F7C	7	-	オそVさネけは	
0294	012FE4	12	-	このユニットのリーダーを	The leader
0294	012FF1	15	-	へんこうすることはできません。	can't be changed.
0295	0131A7	4	-	ォヒがは	
0296	0134A1	5	-	き…ベこU	
0297	013512	4	-	ウみちし	
0298	01352F	4	-	ォツみは	
0299	013575	8	-	DベなVサさねそ	
0300	013588	6	-	づがみチるV	
0301	0138B2	4	-	ォコみは	
0302	013F1A	6	-	ヌみラがぜV	
0302	013F21	6	-	Uさォヒみは	
0302	013F28	4	-	へぬはV	
0303	014279	11	ptr@01418E	ユニットのエントリーを	Finish unit entry.
0303	014285	18	-	しゅうりょうします。よろしいですか?	Confirm?
0304	01436B	4	-	ほでとけ	
0305	0156BE	7	-	ノんそXぬすば	
0306	0158E8	4	-	みYふき	
0307	015A1C	4	-	ォハみは	
0308	015C2C	7	-	G「?ハんサは	
0309	015C44	7	-	G「?ハんサは	
0310	015EBF	11	-	かずをきめてください。	Set amount.
0311	015ED7	9	ptr@00761E,015BB2	ゴートになります。	Goth.
0312	015EEB	8	-	よろしいですか?	
0313	015EF5	3	ptr@015D80	『』を	
0313	015EF9	8	-	てにいれました。	
0314	015F03	3	ptr@015CD1	『』を	
0314	015F07	8	-	あきらめました。	
0315	015F11	16	ptr@015CAF	アイテムストックがいっぱいです。	Item stock full.
0315	015F22	10	-	どれか、すてますか?	Discard one?
0316	015F2E	12	ptr@0159A2,016632	なにもおきませんでした。	Nothing happened.
0317	015F3C	16	ptr@0159A9	キャラクターをえらんでください。	Pick a character.
0318	015F4E	14	ptr@0159B0,0159B7	ユニットをえらんでください。	Choose a unit.
0319	015F5E	15	ptr@0159D9	このアイテムをへんせいがめんで	This item can't
0319	015F6E	12	-	つかうことはできません。	be used here.
0320	016122	14	-	ストックには、つかえません。	Not for stock.
0321	016228	17	ptr@01621D	うもれたざいほうは、ないようです。	No treasure here.
0322	016260	6	-	」でナ5ょU	
0322s01626A	01626A	17	-	ジャック「なんでもやジャックです。	Jack: Welcome to
0322s01626A	01627C	11	-	なにをおもとめですか?	Jack's store.
0323	01634B	7	-	サべVナ!せU	
0323s016356	016356	16	-	いどうさきを、えらんでください。	Pick destination.
0324	016487	5	ptr@01647C	かくされた	There are no
0324	01648D	10	-	としや、きょうかいは	hidden cities or
0324	016498	6	-	ありません。	churches.
0325	01664D	16	ptr@016642	このユニットには、つかえません。	Not for this unit
0326	01666F	15	ptr@016664	このキャラには、つかえません。	Not for this char
0338	0171C9	5	-	E「サ。!	
0339	01723F	7	-	…K!ナ、でX	
0339	017247	4	-	…ス。!	
0340	01724F	8	-	。テW8…ス。!	
0341	0182AC	4	-	ゅはェた	
0342	01835D	5	-	はぇたェは	
0343	01879C	4	-	ゅはェた	
0344	018941	7	-	1はェたェはェ	
0345	01908C	4	-	ぇはェた	
0346	0194AC	5	-	つぇつェは	
0347	01952C	5	-	つぇつェは	
0348	019793	5	-	4がそソは	
0349	01A7F7	4	-	うえCぶ	
0350	01A875	4	-	ううCる	
0351	01A893	4	-	うさCが	
0352	01A8B1	4	-	うてCじ	
0353	01A8ED	5	-	うもCくひ	
0354	01A952	4	-	うさ8ん	
0355	01A966	4	-	うて8ぐ	
0356	01A99D	4	-	うも8で	
0357	01A9CB	3	-	ひ9ぴ	
0357	01A9CF	5	-	うも9たひ	
0358	01AA16	4	-	ううAる	
0359	01AA2A	4	-	うさAを	
0360	01AA39	4	-	うてAぎ	
0361	01AA66	4	-	うもAぺ	
0361	01AA6B	4	-	うひBだ	
0362	01ABFD	4	-	うう8ま	
0363	01AC7F	4	-	ううAだ	
0364	01AC8E	4	-	うさAで	
0365	01AD2F	4	-	うてAら	
0366	01AD98	4	-	うさBぢ	
0367	01AE84	4	-	うてDざ	
0367	01AE89	4	-	うひDじ	
0367	01AE8E	4	-	うもDず	
0368	01AF34	4	-	うきDろ	
0369	01AF43	4	-	うそDん	
0370	01B052	4	-	うう9ん	
0371	01B061	4	-	うさ9ぐ	
0372	01B06B	4	-	うて9ご	
0373	01B0AC	4	-	ううBぶ	
0374	01B0BB	4	-	うさBぱ	
0375	01B0C5	4	-	うてBぷ	
0376	01B1B1	4	-	あちCび	
0377	01B1C5	4	-	あのCぱ	
0378	01B1E3	4	-	あてDぃ	
0379	01B201	5	-	うひDけふ	
0380	01B27F	4	-	うてDざ	
0381	01B2C0	4	-	うさBべ	
0382	01B320	4	-	うさ8よ	
0383	01B32F	4	ptr@003B72	うね8る	
0384	01B357	4	-	うも8ぐ	
0385	01B44D	4	-	うえCろ	
0386	01B475	4	-	うそCご	
0387	01B50C	4	-	あそAゆ	
0388	01B59D	4	-	うきBぼ	
0389	01B5CA	4	-	うもBぇ	
0390	01B6A2	4	-	ううBぶ	
0391	01B6AC	4	-	うさBぼ	
0392	01B6B6	4	-	うてBぴ	
0393	01B6E3	5	-	あもBそひ	
0394	01B6F8	4	-	ううDま	
0395	01B70C	4	-	うさDも	
0396	01B77A	4	-	ううCだ	
0397	01B793	4	-	うさCば	
0398	01B7B1	4	-	うてCぴ	
0399	01B7E8	5	-	うもCしひ	
0400	01B82F	4	-	いいBる	
0401	01B852	4	-	うてBぎ	
0402	01B86B	4	-	うひBじ	
0403	01B884	4	-	うもBぢ	
0404	01B925	4	-	うさAる	
0405	01B9A7	4	-	うてDぱ	
0406	01B9DE	5	-	うもDさひ	
0407	01BB1B	4	-	いう9ろ	
0408	01BB34	4	-	あさ9ぎ	
0409	01BB6B	4	-	うてCゃ	
0409	01BB70	4	-	うもCで	
0410	01BBB6	4	-	うさDぁ	
0411	01BC25	4	-	うてAり	
0412	01BC2F	4	-	うひAれ	
0412	01BC34	4	-	うもAろ	
0413	01BCB6	4	-	うもBぴ	
0432	01C6E5	4	-	ぐぎがと	
0433	01CC1C	5	-	ウうだのS	
0434	01CC5C	5	-	さぬぬ1よ	
0435	01CD1C	7	-	さごゼぇあ?は	
0436	01D2F4	6	-	ュェさェささ	
0437	01D4E1	6	-	らまれへほサ	
0438	01E303	4	-	ヴ6さ。	
0439	01E9A9	7	-	ェお6ヅうェき	
0440	01E9BA	5	-	サうェCさ	
0441	01EA4D	5	-	さサさサさ	
0442	01EB1E	11	-	ちヅちロしづしづさづさ	
0443	01F9E2	4	-	さくさB	
0444	01FFB9	18	-	AかこぽAネそめYよ…テじばじVェサ	
0445	020E2B	8	-	?にも1Yォテの	
0446	021764	5	-	んCひさら	
0447	021DD9	12	-	Uてさたさえろトヒネェス	
0448	021E03	4	-	ヅてェけ	
0449	021E32	5	-	サUテさ?	
0450	021E99	13	-	サゴサゴさ。さDさ1さ1ヅ	
0451	0225AE	4	-	ェェささ	
0452	02267F	5	-	ひ0あづそ	
0453	022C60	7	-	ひさ1さォひさ	
0454	02338F	4	-	Uまさコ	
0455	0258A9	4	-	1みせみ	
0456	0258E0	7	-	ヴさささささェ	
0457	025915	4	-	ま3もタ	
0458	026FBE	6	-	ばしふぬもを	
0459	027490	5	-	ああはJぐ	
0460	0274EE	7	-	2かくへがいは	
0461	027845	96	-	が6ん8をBわEをJんOをQろSるVりYよあやうもえめおむきむけまけまさますまたほたほつへつへてはてはなはぬねぬねはねへはへはみはもはらねりにるてれせれけれえれYれVれSろPろPわMわKんJぐ	
0462	02799E	6	-	さKなろをる	
0463	027D6D	6	-	ァNきでんを	
0464	027E5E	5	-	Oけるはご	
0465	0282A8	6	-	まあすほGぐ	
0466	028849	6	-	ほえまよご4	
0467	0288B9	6	-	ルWけさけず	
0468	028D87	128	-	HんHらGらGゆGゆFゆFもGもGむGまGへJへMへPへTへTみUみUむVむVめWめWもZもZようようゆおゆおりおろきろきれくれくるさるさりすりすらたらてらてよとよとやぬめはめはみはほふほほほほひほねほにほつませまさむくもうゆXらSるNろIをEがAぐ7ご4	
0469	02963B	6	-	4つずみじざ	
0470	02974B	6	-	ゅさまPまざ	
0471	02A1E7	4	-	じっいN	
0472	02A2CB	6	-	えいどWるら	
0473	02A869	34	-	くEこHしKせNたRつVとZにえねくはしふたほとみねめふやみよやるら	
0474	02A88D	136	-	くEさEせEたFつGとHにIねJはKひLひOはOはRひRひSふSふUふWひWひYひあふあふいみいもいもかめかめけめさもさもせゆせりそりたろたをたをてぎてぎとぐとぐなごなごねごひざひざふずふぞふぞほずほずみずめぜめぜもぞもぞやだやだよだりぞりぞれじれげれげりがりがよわよるら	
0475	02AE47	6	-	ビSなへわか	
0476	02B7B6	116	-	すざこごけごけげくげくぎくんきんきわくわくるくよけよけもけむすむすませませほたほたふちふちひとひとのぬのぬねのねのにふにふてへてへたふたふせふしひしのさぬこなけとくつかたうせあしYこWくTかRえPいMZKXIVFTDRBP8N6L3	
0477	02B8FF	6	-	ヌししのもI	
0478	02B9AF	6	-	あかVたやご	
0479	02BEDB	6	-	ェきそそてぞ	
0480	02CEE2	17	-	そさししせししせさしさすつQQRQ	
0481	02CF28	13	-	おしせさしししせししせくえ	
0482	02CF6D	15	-	けこさししせさせしさせしせすつ	
0483	02CFB5	15	-	そこせしししさししせすつQQQ	
0484	02D15B	7	-	おかくえおかち	
0485	02D1A0	10	-	おしさせししせしくえ	
0486	02D1E0	4	-	おかくえ	
0486	02D1E5	13	-	おしせししせさししさしくえ	
0487	02D224	21	-	おかししせしかしさしせさしせしせしさせせち	
0488	02D269	27	-	おせしせさししせししさししせしししせしししすつQQRR	
0489	02D2F2	31	-	けせしせさしせさしせさせししせししせせししせすつQQQPQRQ	
0490	02D339	21	-	そせししさししせしししせさしせさせしせすつ	
0491	02D380	19	-	そこせししせししせせししさせししせすつ	
0492	02D3C8	16	-	そこせしせさししせさししせこすつ	
0493	02D410	13	-	そこししせさしししせしくえ	
0494	02D45A	12	-	そこしせさししせせちりい	
0495	02D4A2	10	-	そこしせさししすつY	
0496	02D4EA	8	-	そししせすつZれ	
0497	02D531	4	-	そこすつ	
0498	02D5F9	11	-	おかくえおかくえおくえ	
0499	02D63D	14	-	おかしせししせさししせししち	
0500	02D6C7	17	-	おしせさしせさししせししせししくえ	
0501	02D70C	24	-	けせせししせせしせさししさししさせさくえQQRQ	
0502	02E1F5	19	-	おしさしせせしさしせししせししさせすつ	
0503	02E262	19	-	けしせしさししせせせしさせしささしすつ	
0504	02E2D1	16	-	そすせしさせしししせしせししすつ	
0505	02E341	13	-	そこせししせさせししせすつ	
0506	02E3B1	9	-	そこささせしせすつ	
0507	02E432	13	-	QQおさしさくえおかかくえ	
0508	02E50E	19	-	おさせしせしせししせししさせすつQPQ	
0509	02E57A	17	-	おかしせしせしさしさせしささしすつ	
0510	02E5E5	18	-	うえおししさせしさししせしせししすつ	
0511	02E652	18	-	おしせせしせしししせしさせししせすつ	
0512	02E6BE	18	-	おかさしせせししさしせししせこせすつ	
0513	02E72B	17	-	おさしせせせしさしせさししさしくえ	
0514	02E798	20	-	けこせせせししししさせししさしせしせくえ	
0515	02E808	19	-	そこしさしさしせしさせせさしさせせすつ	
0516	02E878	15	-	そこせしせししせしししさせすつ	
0517	02E8E7	13	-	QQQそこしせしさせせすつ	
0518	02EB97	7	-	おかしさかくえ	
0519	02EC04	10	-	おししせしせしさくえ	
0520	02EC31	5	-	りいじずぜ	
0521	02EC70	13	-	おかしせししさしさせしさち	
0522	02ECDD	16	-	けこしせしせししせせしせししくえ	
0523	02EDDD	4	-	Zはのれ	
0524	02F237	4	-	Zはのれ	
0525	02F529	4	-	おかくえ	
0526	02F597	6	-	しせせしくえ	
0527	02F605	7	-	せししさせすつ	
0528	02F673	6	-	しせさしすつ	
0529	02F6E1	4	-	さしすつ	
0530	02F815	4	-	おかくえ	
0531	02F882	7	-	おしせしさくえ	
0532	02F8EE	10	-	おかせししせせしさち	
0533	02F95B	13	-	おしせしさせししさせしくえ	
0534	02F9C7	16	-	おかせししさせししせししさしさち	
0535	02F9E6	12	-	おかしせかくえおかかくえ	
0536	02FA53	15	-	おししさしせししさしせしさくえ	
0537	02FABF	18	-	おかしせせしさしせししせししさせすつ	
0538	02FB13	10	-	けこしさしさせしすつ	
0539	02FB2D	17	-	ししさししせせせしさせしささしすつ	
0540	02FB9B	15	-	すせしさせしししせしせししすつ	
0541	02FC0A	13	-	そこせししせさせししせすつ	
0542	02FC7A	9	-	そこささせしせすつ	
0543	02FFD0	7	-	おかくえおかち	
0544	030033	6	ptr@02168B	をんがぎぐひ	
0545	03003C	10	ptr@0304BE,03839E,03CCE9	おかさししさせしさち	
0546	0300A1	6	-	づでどばびよ	
0547	0300A9	13	-	おししせししせしさししくえ	
0548	0300C9	4	-	りはのい	
0549	030357	8	-	しくえおかかくえ	
0550	0303C5	10	-	せししさしせしさくえ	
0551	030433	11	-	しせししせししさせすつ	
0552	0304A1	10	-	せしさせしささしすつ	
0553	03050F	8	-	しせしせししすつ	
0554	03057D	7	-	させししせすつ	
0555	0305EB	5	-	せしせすつ	
0556	0307DB	6	-	うえおかくえ	
0557	03082C	4	-	おかくえ	
0558	030844	12	-	おくえおかしさししせさち	
0559	030899	7	-	おしせしさくえ	
0560	0308B1	15	-	おしせしせししせしせしせしくえ	
0561	030905	10	-	おかせししせせしさち	
0562	03091D	24	-	おかしさせししさしせさしさししせすつQRRSRQ	
0563	030972	13	-	おしせしさせししさせしくえ	
0564	03098A	18	-	けしさせせしせさせせしせせしせさすつ	
0565	0309DE	16	-	おかせししさせししせししさしさち	
0566	0309F9	17	-	そせししさしせししさししせししくえ	
0567	030A4B	19	-	けせせしせしせしさせしさせししせせくえ	
0568	030A68	17	-	そさせしせしせせしさせしさせしすつ	
0569	031389	4	-	おかくえ	
0570	0313F5	11	-	おかせししさちおかくえ	
0571	031461	14	-	おかしせしせさしさしせしさち	
0572	0314CD	17	-	おかしさししさししさせししせせすつ	
0573	0315A9	14	-	そしさしせししせししさせすつ	
0574	031618	12	-	そこせしこすしさせせすつ	
0575	0317E2	8	-	おかくえおかくえ	
0576	03184E	12	-	おかしせしさせししさくえ	
0577	031949	6	-	うえおかくえ	
0578	0319B5	10	-	おかしさししさしくえ	
0579	031A22	12	ptr@019C20,019CB0,01A640	けしさせしさせしせしさち	
0580	031A91	12	-	そししせししさししせすつ	
0580	031A9E	3	-	ゆVい	
0581	031B00	10	ptr@01B4BA	そこしさせしさせすつ	
0582	031BDD	8	-	おかくえおかくえ	
0583	031C4A	10	-	おしせしさしさししち	
0584	031CB7	12	-	けこせしししさせしさすつ	
0585	031D28	8	-	そさししししすつ	
0586	031D95	9	-	おかししせしさくえ	
0587	031E01	12	-	おかしさせしししせせしち	
0588	031E6E	14	-	おしさせせしせしせしししすつ	
0589	031EDB	14	-	けこせせししさせせしせさすつ	
0590	031F4B	11	-	そこせさこすしさせすつ	
0591	03322D	4	-	おかくえ	
0592	03329B	10	-	しせしさくえおかくえ	
0593	033309	11	-	ししさせしさしせしさち	
0594	033319	5	-	ゆはのVい	
0595	033377	13	-	させししさせせしせしさくえ	
0596	0333B0	7	-	ゆはのはのVら	
0597	0333E5	14	-	せしさせせししさせしせしさち	
0598	033453	15	ptr@0156BF,0156FA	しさせししさせししさしさせすつ	
0599	0334C1	14	-	せせししさせしこしせしせすつ	
0600	0334FB	8	-	おかくえおかくえ	
0601	03352F	8	-	ししせせせしすつ	
0602	03359D	7	-	させししさすつ	
0603	03360B	6	-	せしさしすつ	
0604	033679	10	-	しせししくえおかくえ	
0605	0336E7	11	-	せしさしせしさせしさち	
0606	033755	12	-	しししせししせしせせすつ	
0607	033788	19	-	そこしさせししせしさせしせしさせしすつ	
0608	033C28	19	-	そこししせさししせさしさせさしせしすつ	
0609	033C46	13	-	そこししさしせししせさくえ	
0610	033C98	16	-	そこしせさせしししせししせしすつ	
0611	033CB6	12	-	そこしすしさせししせすつ	
0612	033CC7	16	-	そこしせさせしししせししせしすつ	
0613	033D08	13	-	そしせしせしさしさせしすつ	
0614	033D27	7	-	けこせしさすつ	
0615	033D37	13	-	そこせしせしすこさせしすつ	
0616	033D76	11	-	けこしせさすこさしすつ	
0617	033EE8	4	-	おかくえ	
0618	033F55	7	-	おさせししくえ	
0619	033FC1	10	-	おかしせししさししえ	
0620	03402E	13	-	おしさせしさせせさししくえ	
0621	03409B	15	-	おしせししさしせししせさせしち	
0622	034109	17	-	そこしさせせさしさしせしししせくえ	
0623	034179	16	-	そしせししせせさししさせしさすつ	
0624	0341E8	14	-	そしさせしししさせししさすつ	
0625	034256	13	-	けこせしすこせせしさせすつ	
0626	034940	4	-	おかくえ	
0627	0349AD	7	-	おししせしくえ	
0628	034A19	10	-	おかしせししさせしち	
0629	034A86	13	-	おしせししさせせししせくえ	
0630	034AEB	4	-	おかくえ	
0631	034AF4	14	-	そこしさせしししさせしさすつ	
0632	034B57	8	-	おかしさししくえ	
0633	034B65	10	-	そこしさせししさすつ	
0634	034BC3	11	-	おかしさしせしさしせち	
0635	034BD5	7	-	そこしさせすつ	
0636	034C30	13	-	おしさしせしさししさしすつ	
0637	034C9D	13	-	けしさしせしさしさせしすつ	
0638	034CAD	4	-	おかくえ	
0639	034D0C	11	-	そせしさししさせしすつ	
0640	034D1A	10	-	おさしせしくえおくえ	
0641	034D6E	7	-	おかくえおかち	
0642	034D7B	9	-	そこしさこすしすつ	
0643	034D87	12	-	おししせししさせしせすつ	
0644	034DDB	10	-	おさしせしさせしくえ	
0645	034DF4	12	-	けこさせししさししさすつ	
0646	034E47	13	-	おかしせししさししさしせち	
0647	034E64	9	-	そしさせしさせすつ	
0648	034EB4	16	-	けしせししさせしせししさせしくえ	
0649	034ED3	7	-	そこしさせすつ	
0650	034F23	16	-	そしさせしさせしさせししさしすつ	
0651	034F37	7	-	おかくえおくえ	
0652	034F92	14	-	そししさししさせしさせしすつ	
0653	034FA3	10	-	おかしさししせししち	
0654	035001	12	-	そこしさせししさせしすつ	
0655	035010	13	-	おしせさしさせしさしせくえ	
0656	035071	9	-	そこしすこせしすつ	
0657	03507D	16	-	おしせししさししさしさせしせくえ	
0658	0350EA	19	-	けこさしさせしさせしせししさしせしくえ	
0659	03515A	19	-	そこししさしせせしさしせさしさせしくえ	
0660	0351CA	19	-	そこしせししさしせししさせしさししくえ	
0661	03523A	18	-	そしささせさしさせししせしせさしすつ	
0662	0352A8	18	-	けこしせししせせしさししせしししくえ	
0663	035318	17	-	そしさせししせしせさしさせせせすつ	
0664	035372	7	-	おかくえおかち	
0665	035387	14	-	そこしさししせししせしせすつ	
0666	0353DE	15	-	おかしさししさせしくえおかくえ	
0667	0353F7	11	-	そこしせすこせしせすつ	
0668	03544B	17	-	おしせししさせしししせししさせしち	
0669	0354B8	19	-	けこせしさせししさせししさせししさすつ	
0670	035528	17	-	そこせしさせせししさせしさせしくえ	
0671	035598	16	-	そこしせしさせししせししせしすつ	
0672	03560A	11	-	そこしせさしせせしすつ	
0673	03561D	7	-	おかくえおかえ	
0674	03567B	6	-	そこせしすつ	
0675	035689	10	-	おかししせしさせせえ	
0676	0356F5	13	-	おかししさししさせしししち	
0677	035752	4	-	おかくえ	
0678	035762	15	-	けこしせししさせししさせしすつ	
0679	0357BE	8	-	おかしさししくえ	
0680	0357D2	13	-	そしさせしししせししさくえ	
0681	03582A	11	-	おかしさしせしさしせち	
0682	035840	14	-	おさせししさせしさしししすつ	
0683	035894	16	-	QQQおしさしせしさししさしすつ	
0684	0358AD	14	-	おせしししさししさししせすつ	
0685	0358F6	7	-	おかくえおかち	
0686	035904	13	-	けしさしせしさしさせしすつ	
0687	03591B	12	-	そこしさせしさしせしすつ	
0688	035963	10	-	おさしせしさせしくえ	
0689	035973	11	-	そせしさししさせしすつ	
0690	03598B	9	-	そししさしせしすつ	
0691	0359CF	13	-	おかしせししさししさしせち	
0692	0359E2	9	-	そこしさこすしすつ	
0693	035A31	5	-	ゆはのよい	
0694	035A3C	16	-	けしせししさせしせししさせしくえ	
0695	035AA3	5	-	ゆはのVい	
0696	035AAB	16	-	そしさせしさせしさせししさしすつ	
0697	035B1A	14	-	そししさししさせしさせしすつ	
0698	035B38	7	-	おかくえおかち	
0699	035B89	12	-	そこしさせししさせしすつ	
0700	035BA5	10	-	おさしせしさせしくえ	
0701	035BF9	9	-	そこしすこせしすつ	
0702	035C11	13	-	おかしせししさししさしせち	
0703	035C7E	16	-	けしせししさせしせししさせしくえ	
0704	035CED	16	-	そしさせしさせしさせししさしすつ	
0705	035D5C	14	-	そししさししさせしさせしすつ	
0706	035DCB	12	-	そこしさせししさせしすつ	
0707	035E3B	9	-	そこしすこせしすつ	
0708	0360CE	7	-	おかくえおかち	
0709	03613B	10	-	おさしせしさせしくえ	
0710	0361A7	13	-	おかしせししさししさしせち	
0711	036214	16	-	けしせししさせしせししさせしくえ	
0712	036283	16	-	そしさせしさせしさせししさしすつ	
0713	0362F2	14	-	そししさししさせしさせしすつ	
0714	036361	12	-	そこしさせししさせしすつ	
0715	0363D1	9	-	そこしすこせしすつ	
0716	03692D	6	-	しさしせすつ	
0717	036935	27	-	けこしせししさせしさせししさせししさししさせししさくえ	
0718	036963	23	-	そこしせししせせしさせししさせししせさしせすつ	
0719	03699B	4	-	せしすつ	
0720	0369A5	26	-	そしさせししさせしさせししさせしさせししさせししすつ	
0721	0369D3	20	-	そしさせししせししさせししさせししせすつ	
0722	036A14	24	-	そこしさせししさせししさししせせししさせしさすつ	
0723	036A42	7	-	そこしせすせつ	
0724	036A4C	7	-	そせししせすつ	
0725	036A84	21	-	そこしさせししさせしさせししさせししさしち	
0726	036A9E	4	-	おかくえ	
0727	036ABB	4	-	そこすつ	
0728	036AE8	4	-	おかくえ	
0729	036AF4	20	-	そこしさせししさせししさせしさしせしすつ	
0730	036B0B	14	-	おしせししくえおかくえおかち	
0731	036B54	8	-	おかせしせしくえ	
0732	036B64	7	-	そこしさせすつ	
0733	036B6D	8	-	そこさせししすつ	
0734	036B78	17	-	おしさしさせししさしせさしせしくえ	
0735	036BC1	10	-	おしせしせししししち	
0736	036BDD	5	-	そしさすつ	
0737	036BE5	19	-	おせししさせしさせしさししさししせすつ	
0738	036C2F	12	-	しさせさしさしせししくえ	
0739	036C53	18	-	そしさせしししせすこしさせししさすつ	
0740	036C6B	4	-	おかくえ	
0741	036C9D	13	-	しせししさせさしさせしすつ	
0742	036CC2	16	-	そせしさせさしくえそこすこせすつ	
0743	036CD7	8	-	おかせしせしくえ	
0744	036D0B	11	-	そしさせせししさせすつ	
0745	036D1A	4	-	おかくえ	
0746	036D31	9	-	おせせししさせしち	
0747	036D44	10	-	おしせしせししししち	
0748	036D7A	8	-	そこせしさせすつ	
0749	036D86	7	-	おかしせせすつ	
0750	036D9F	10	-	そこしさせせししすつ	
0751	036DB1	13	-	おしさせさしさしせししくえ	
0752	036DF2	8	-	おかししさせすつ	
0753	036E0F	7	-	そこせしさすつ	
0754	036E1F	14	-	そしせししさせさしさせしすつ	
0755	036E5E	10	-	おかせしさせししくえ	
0756	036E8E	11	-	そしさせせししさせすつ	
0757	036ECB	12	-	おせししせししさせしすつ	
0758	036EFD	8	-	そこせしさせすつ	
0759	036F19	12	-	おかしさせしくえおかくえ	
0760	036F39	14	-	そしささししせしすつZVWら	
0761	036F85	15	-	おかしさせししさせしせしせせち	
0762	036F9F	4	-	せしくえ	
0763	036FE8	4	-	おかくえ	
0764	03700D	5	-	ししししち	
0765	037016	6	-	けこせしすつ	
0766	037032	4	-	ゆはのい	
0767	037055	6	-	おししさすつ	
0768	03707B	7	-	さしせししくえ	
0769	0370C1	7	-	おかしさせすつ	
0770	0370E9	8	-	せさしさせしすつ	
0771	03712D	8	-	おかしさせしすつ	
0772	037157	7	-	ししさせしすつ	
0773	03719B	7	-	そしせしせすつ	
0774	0371C5	6	-	させししさち	
0775	037209	6	-	おししせすつ	
0776	037233	7	-	しししさせすつ	
0777	037276	6	-	おしさせすつ	
0778	03728A	11	-	けししせしさせさしすつ	
0779	0372A1	6	-	しさせせすつ	
0780	0372E4	5	-	そこせせち	
0781	0372F9	10	-	そせししせししさくえ	
0782	03730F	5	-	させしすつ	
0783	037354	4	-	そこすつ	
0784	037368	10	-	そこせしさせしせすつ	
0785	03737D	5	-	ししさくえ	
0786	0373EB	6	-	させせしさち	
0787	03742C	4	-	おかくえ	
0788	037459	7	-	せししさしすつ	
0789	037499	6	-	おししさすつ	
0790	0374C7	6	-	しさしせすつ	
0791	037506	6	-	おしさせすつ	
0792	037535	5	-	ししせすつ	
0793	037572	7	-	おかしさせすつ	
0794	0375A3	4	-	せさすつ	
0795	0375E0	6	-	そこせせすつ	
0796	0376D2	4	-	おかくえ	
0797	0376ED	4	-	せさすつ	
0798	03773F	14	-	おしせししくえおかくえおかち	
0799	03775B	4	-	ししくえ	
0800	037779	7	-	おかさしすつX	
0801	037794	4	-	おかくえ	
0802	0377AC	17	-	おしさしさせししさしせさしせしくえ	
0803	0377C9	5	-	さししせち	
0804	0377E5	6	-	おかしさすつ	
0805	037801	6	-	おししさすつ	
0806	037819	19	-	おせししさせしさせしさししさししせすつ	
0807	037837	6	-	しさせしすつ	
0808	037851	7	-	おかしさせすつ	
0809	03786E	6	-	おしさせすつ	
0810	037887	18	-	そしさせしししせしせしさせししさすつ	
0811	0378A5	5	-	しせしすつ	
0812	0378BD	7	-	おかしさしすつ	
0813	0378DA	7	-	おかしさせすつ	
0814	0378F6	16	-	そせしさすこしさしせしここせすつ	
0815	037913	4	-	さしすつ	
0816	03792B	6	-	そこせしすつ	
0817	037947	7	-	おししせせしち	
0818	037A22	8	-	そせしししせすつ	
0819	037A5D	4	-	はのVら	
0820	037A90	7	-	おせしさせすつ	
0821	037AA8	4	-	おかくえ	
0822	037AB9	4	-	おかくえ	
0823	037AE4	4	-	おかくえ	
0824	037AFD	7	-	おししさせすつ	
0825	037B14	8	-	おかせしせしくえ	
0826	037B25	8	-	おかしさせしくえ	
0827	037B51	6	-	おせさしすつ	
0828	037B69	8	-	おかしさせしすつ	
0829	037B81	10	-	おしせしせししししち	
0830	037BBF	6	-	そししせくえ	
0831	037BD7	7	-	そしせしせすつ	
0832	037BEF	12	-	しさせさしさしせししくえ	
0833	037C2D	7	-	おせししせすつ	
0834	037C45	6	-	おししせすつ	
0835	037C5D	13	-	しせししさせさしさせしすつ	
0836	037CB2	6	-	おしさせすつ	
0837	037CCB	11	-	そしさせせししさせすつ	
0838	037D03	14	-	めOOOぬそこさししせせすつ	
0839	037D20	5	-	そこせせち	
0840	037D3A	8	-	そこせしさせすつ	
0841	037D78	6	-	そこせしすつ	
0842	037D90	4	-	そこすつ	
0843	037DDA	4	-	おかくえ	
0844	037E8A	4	-	おかくえ	
0845	037EB5	5	-	そしさすつ	
0846	037EF7	6	-	おししさすつ	
0847	037F24	4	-	そしくえ	
0848	037F63	7	-	おかしさせすつ	
0849	037F92	5	-	おせしすつ	
0850	037FCF	8	-	おかしさせしすつ	
0851	037FFF	5	-	けこしさち	
0852	03803D	7	-	そしせしせすつ	
0853	03806F	5	-	そこせくえ	
0854	0380AB	6	-	おししせすつ	
0855	0380DF	4	-	そこすつ	
0856	038118	6	-	おしさせすつ	
0857	038146	4	-	おかくえ	
0858	038186	5	-	そこせせち	
0859	0381B3	6	-	おせししさち	
0860	0381F6	4	-	そこすつ	
0861	038220	8	-	おさしせししすつ	
0862	03828E	7	-	そこせしさすつ	
0863	038337	5	-	おしせせち	
0864	0383A3	8	-	おかしさししせち	
0865	038410	11	-	おしせさしさせししくえ	
0866	03847C	14	-	りけしせししせせしさせしすつ	
0867	0384CD	4	-	おかくえ	
0868	0384EC	11	-	そしさせししせせしすつ	
0869	038539	8	-	おかせしせしくえ	
0870	03855B	10	-	そせしさしせししくえ	
0871	0385A6	10	-	おしせしせししししち	
0872	038613	13	-	おしさせさしさしせししくえ	
0873	0386A6	8	-	おかしさせしすつ	
0874	0386F0	11	-	そしさせせししさせすつ	
0875	038714	6	-	そしせしせす	
0876	03875F	8	-	そこせしさせすつ	
0877	038782	6	-	おししせすつ	
0878	0387EF	6	-	おしさせすつ	
0879	03885D	5	-	そこせせち	
0880	0388CD	4	-	そこすつ	
0881	038C2E	4	-	おかくえ	
0882	038C73	4	-	おかくえ	
0883	038C9B	6	-	おせししさち	
0884	038D08	8	-	おさしせししすつ	
0885	038D4E	6	ptr@0053E1	そさししくえ	
0886	038D76	7	-	そこせしさすつ	
0887	038DBC	7	-	おしさせしせち	
0888	038E29	9	-	けしさししせしすつ	
0889	038E97	8	-	おしせさせしすつ	
0890	038F03	9	-	おかしさせしせすつ	
0891	038F71	6	-	そさせしすつ	
0892	039BB2	4	-	おかくえ	
0893	039C1F	6	-	おしさしせち	
0894	039C8B	9	-	おかせししさしすつ	
0895	039CF8	9	-	けこせしさせしすつ	
0896	039DDC	4	-	おかくえ	
0897	039EB4	8	-	おかしせししせち	
0898	03A131	5	-	おかちゆい	
0899	03A19E	6	-	おししすつX	
0900	03A209	11	-	ZらおしせさくえゆVい	
0901	03A279	7	-	そさししせすつ	
0902	03A2E7	6	-	おしさせすつ	
0903	03A353	7	-	Xおさせしすつ	
0904	03A3BF	8	-	ZVらそししすつ	
0904	03A3C8	4	-	おかくえ	
0905	03A3DC	4	-	おかくえ	
0906	03A430	4	-	おさすつ	
0906	03A435	7	-	おしさしせくえ	
0907	03A449	7	-	おさししせくえ	
0908	03A49D	4	-	けせすつ	
0908	03A4A2	10	-	おせししせしせすつと	
0908	03A4AD	3	-	サシス	
0909	03A4B6	9	-	おしせしさししすつ	
0910	03A50F	9	-	けこしさししさすつ	
0911	03A51C	6	-	ゆはのVWま	
0911	03A523	9	-	おししさせしさすつ	
0912	03A57F	5	-	そこせすつ	
0913	03A5F2	6	-	おかくえおち	
0914	03A649	4	-	おかくえ	
0915	03A65F	9	-	おしせさししさくえ	
0916	03A6B5	7	-	おかしさしさち	
0917	03A6CC	11	-	おしせしせしせしさすつ	
0918	03A722	10	-	おせしさせししさくえ	
0919	03A731	4	-	おかくえ	
0920	03A739	11	-	けせさししさせさしすつ	
0921	03A78F	12	-	おししさせしさせししすつ	
0922	03A79E	7	-	おさせしせくえ	
0923	03A7A8	9	-	そしせしせししすつ	
0924	03A7FC	13	-	けしせせししさせしささくえ	
0925	03A80B	9	-	おしししせせしせち	
0926	03A817	7	-	そしせしせすつ	
0927	03A86B	24	-	そこしさせししさししせすつけこしせさししさせしち	
0928	03A8DB	10	-	そせしさせしせせすつ	
0929	03A8E8	10	-	そせししさししせすつ	
0930	03A957	9	-	そこしせしさしくえ	
0931	03A9C7	9	-	そしししせししくえ	
0932	03AA36	9	-	そせさししせししち	
0933	03AA99	7	-	おかくえおかち	
0934	03AAA5	9	-	そしせせししせすつ	
0935	03AB05	11	-	おかししさせしさせくえ	
0936	03AB14	12	-	そこしさせしくえおかくえ	
0937	03AB72	13	-	けしささせししさせしさせち	
0938	03AB84	11	-	そこしさしさせししせち	
0939	03ABE1	14	-	そこししさせししさせしさくえ	
0940	03ABF3	15	-	おししさししさせししくえおかち	
0941	03AC51	13	-	そこせしさせししさせしすつ	
0942	03AC60	18	-	けしさせししせししさせしせさししくえ	
0943	03ACC2	9	-	そこしさせししすつ	
0944	03ACCF	18	-	そこししさしさせししさせしさせしすつ	
0945	03AD32	7	-	おしししせくえ	
0946	03AD40	14	-	そこしせしさせしししせしすつ	
0947	03ADB2	9	-	そこししさせしすつ	
0948	03AFCB	7	-	おかくえおかち	
0949	03B181	14	-	そせしせさししさせししさくえ	
0950	03B1F0	14	-	そこせしさせししさせししすつ	
0951	03B260	12	-	そこせしさせししさせくえ	
0952	03B2D0	11	-	そこせしさせししさせち	
0953	03B340	10	-	そせせしせせししすつ	
0954	03B3AF	8	-	そこさせしせすつ	
0955	03B4B2	6	-	おかくえおち	
0956	03B51F	9	-	おしせさししさくえ	
0957	03B5F9	11	-	けせさししさせさしすつ	
0958	03B668	9	-	そしせしせししすつ	
0959	03B6CC	4	-	おかくえ	
0960	03B6D7	7	-	そしせしせすつ	
0961	03B739	7	-	おさせしせくえ	
0962	03B7A6	9	-	おしししせせしせち	
0963	03B813	11	-	けこしせさししさせしち	
0964	03B883	10	-	そせししさししせすつ	
0965	03B8F2	9	-	そこしせしさしくえ	
0966	03B9D1	9	-	そせさししせししち	
0967	03BA07	7	-	おかくえおかち	
0968	03BA31	4	-	おかくえ	
0969	03BA73	10	-	おかししせさししすつ	
0970	03BA9E	9	-	おしさしせくえワワ	
0971	03BAAF	8	-	そこしさせしくえ	
0972	03BADF	11	-	おかしせしさししせすつ	
0973	03BB0B	9	-	おせししせしせすつ	
0974	03BB1F	7	-	そこしさしすつ	
0975	03BB47	14	-	KねOOぬけしせしししせすつ	
0976	03BB78	9	-	けこしさししさすつ	
0977	03BBBB	7	-	そしさせしすつ	
0978	03C399	8	-	おせしせさしくえ	
0979	03C405	11	-	おかししせしししせしち	
0980	03C471	15	-	おかせしせさししせさしせせくえ	
0981	03C4DE	17	-	おせししせししせさししせせしせさち	
0982	03C547	23	-	QRQQけこしせさししせししせさししせせしせち	
0983	03C5BB	24	-	そせしせさししせししせさししせししくえDOOO0	
0984	03C62A	24	-	そこせしせさししせししせさししせさすつゆOOOぬ	
0985	03C656	10	-	そこしせせししせすつ	
0986	03C69A	16	-	そこせしせさししせししせさしすつ	
0987	03C6C6	7	-	そせしせせすつ	
0988	03C70A	13	-	そこせしせさししせししすつ	
0989	03CD1F	4	-	Zはのれ	
0990	03CDC8	4	-	りはのい	
0991	03D1EA	5	-	りVはのい	
0992	03D2D1	4	-	おかくえ	
0993	03D4CA	3	-	ポァィ	
0993	03D4CE	3	-	はのれ	
0994	03D5B5	8	-	おかくえおかくえ	
0995	03D621	12	-	おかしさしさせしせさくえ	
0996	03D68D	15	-	おかしさししせししせしせしさち	
0997	03D6FA	18	-	おししせしせさしせさししせししせくえ	
0998	03D844	17	-	そせししせししせさしせしせしせすつ	
0999	03D8B2	14	-	けしせさししせししさしせすつ	
1000	03D921	10	-	そこしせさしせせすつ	
1001	03D991	8	-	そこしせすつQQ	
1002	03DB68	4	-	おかくえ	
1003	03DBD5	7	-	おせししさくえ	
1004	03E015	4	-	おかくえ	
1005	03E081	11	-	おかしさしさくえおかち	
1006	03E0ED	19	-	おかししせしせししせししさくえおかくえ	
1007	03E457	14	-	そこしせさせしせさししせすつ	
1008	03E4C7	9	-	そしししせせしすつ	
1009	03E536	7	-	そこさせしすつ	
1010	03EC2B	4	-	りはのい	
1011	04014D	8	-	おかくえおかくえ	
1012	04017C	4	-	Zはのれ	
1013	0401B9	12	-	おかせしししせししせくえ	
1014	040225	16	-	おかせししせしせしせししせしくえ	
1015	040293	18	-	しせしせさしししさしせさししせしくえ	
1016	040301	19	-	ししさししせさししせししせししささすつ	
1017	04036F	18	-	させししせししせさしせさしせししすつ	
1018	0403DD	17	-	ししせさしせしししせししせししすつ	
1019	04044B	15	-	せさししせししせさしせししすつ	
1020	0404B9	12	-	ししせさしせさしししすつ	
1021	040527	10	-	させしししせしこすつ	
1022	040B3D	4	-	りVあれ	
1023	040CBF	22	-	おさししさしせししせしししさしせししせせすつ	
1024	040D2C	20	-	おししせししせししせししせししせししすつ	
1025	040D99	18	-	おしせししせしししさしせししせせすつ	
1026	040E06	17	-	おししししせししせししせししせすつ	
1027	040E73	17	-	おせさしせしししさししさしせせくえ	
1028	040FBD	12	-	そししせししせししせすつ	
1029	040FE5	5	-	ししさくえ	
1030	04102C	9	-	そこしせさしせすつ	
1031	041053	7	-	ししせししくえ	
1032	0410C1	9	-	せさしせさしさくえ	
1033	04112F	10	-	ししせししせししさち	
1034	04119D	11	-	せしししさししせしすつ	
1035	04120B	10	-	ししせししせししすつ	
1036	041279	9	-	せさしせししせすつ	
1037	0412E7	8	-	ししせししせすつ	
1038	041355	7	-	せしししさすつ	
1039	0414C5	5	-	りはのVい	
1040	04151D	4	-	ひぞだぢ	
1040	041522	6	-	へVWはのれ	
1041	0415AA	5	-	りはのVい	
1042	04160F	4	-	おかくえ	
1043	04167B	8	-	おかしししさくえ	
1044	0416E7	12	-	おかししせししせしさくえ	
1045	041753	16	-	おかせししししせしししししさくえ	
1046	041906	27	-	Qおしせししせせししさしせさしせししせしししさしせさち	
1047	041DA5	9	-	せししせししせしち	
1048	041DC4	15	-	おししさししさししさしせせしち	
1049	041DEA	12	-	おかせししせししせさしち	
1050	041E31	18	-	おせせししせしせせししせししせしくえ	
1051	041E57	15	-	おしせししせししせししせしくえ	
1052	041E9E	20	-	おせししせせしせししせせししさしせししち	
1053	041EC4	17	-	おせしししさししせしせさしせさしち	
1054	041F0B	22	-	おせししせししせししせししせししせししせしち	
1055	041F31	19	-	おせししせししせししせししせししせしち	
1056	041F5D	14	-	せししせししせししせししさち	
1057	041F78	24	-	けこしせせししさしせししせさしせししせさしせすつ	
1058	041F9E	21	-	けせしせせしせししせししせししせししせすつ	
1059	041FCB	15	-	しせさしせさしせししせしこすつ	
1060	041FE8	21	-	そこしせししせししせししせししせししせすつ	
1061	04200D	19	-	そせししせししせししせししせししせすつ	
1062	042039	13	-	そししせししせししせしすつ	
1063	042058	18	-	そこせししせししせしこすせしせせすつ	
1064	04207C	17	-	そこさしせさししさししさしせさすつ	
1065	0420A8	11	-	そこすせせししさしすつ	
1066	0420C8	9	-	そしせししせしすつ	
1066	0420D2	5	-	そこせすつ	
1067	0420EC	14	-	そこししせししせしししこすつ	
1068	042119	7	-	そこすししすつ	
1069	042137	7	-	そこしさしすつ	
1070	04215C	10	-	そこしせししせしすつ	
1071	042193	8	-	おかくえおかくえ	
1072	0421FF	11	-	おかしせししせししせち	
1073	042230	4	-	ゆはのい	
1074	04226B	14	-	おかしせさししさししさしせち	
1075	0422D8	17	-	おししせししせししせししせししくえ	
1076	042345	19	-	おしせししせししせししせししせししさち	
1077	042421	19	-	そししさししさしせさししさしせししすつ	
1078	042490	17	-	そししせししせししせししせししすつ	
1079	0424BC	4	-	Vはのま	
1080	0424F3	4	-	おかくえ	
1081	0424FF	15	-	そこしせししせししせししこすつ	
1082	042561	5	-	しししさち	
1083	04256F	11	-	そこしせししせしこすつ	
1084	0425CF	7	-	しさしせしくえ	
1085	0425DF	7	-	そこせさしすつ	
1086	04263D	8	-	ししせししせしち	
1087	0426AB	10	-	せししせししせしくえ	
1088	042719	11	-	ししせししせししせしち	
1089	042787	12	-	しさししさししさししさち	
1090	0427F5	14	-	ししせししせししせししせくえ	
1091	0428D1	14	-	そしせししせししせししせすつ	
1092	042940	12	-	そこせさししさしせせすつ	
1093	0429B0	9	-	そしせししせこすつ	
1094	042A1F	6	-	そこしせすつ	
1095	042F27	4	-	おかくえ	
1096	042F93	11	-	おかせししさくえおかち	
1097	043189	4	-	ゆはのら	
1098	043377	12	-	そこしせししせししこすつ	
1099	0438EE	5	-	Zよはのい	
1100	043AAE	5	-	へVはのら	
1101	043F56	4	-	Zはのら	
1102	04400B	3	-	とゆい	
1102	04400F	4	-	とPゆい	
1103	044382	4	-	ゆはのら	
1104	044B9F	9	-	せししせししこすつ	
1105	044C0D	7	-	ししさしこすつ	
1106	044CEB	4	-	Zはのら	
1107	044E5F	4	-	Zはのら	
1107	044E64	3	-	ノハヒ	
1108	044EE5	5	-	ゆVはのい	
1109	044F80	4	-	Zはのら	
1110	045023	4	-	ゆはのい	
1111	0452ED	4	-	かくえP	
1112	04535B	4	-	ししさち	
1113	045376	5	-	ゆVはのい	
1114	0453C9	6	-	しせししくえ	
1115	045437	8	-	せしせししせちP	
1116	0454A5	8	-	しせししせしすつ	
1117	045526	4	-	ゆはのい	
1118	045674	4	-	Zはのら	
1119	04573C	4	-	ゆはのい	
1120	045C70	4	-	ゆはのい	
1121	045D2B	4	-	ゆVよい	
1122	0461DB	4	-	とゆよい	
1123	046435	6	-	ゆVはのよい	
1124	046872	4	-	ゆいZら	
1125	046A5C	5	-	ゆはのVい	
1126	046CA0	4	-	ゆはのい	
1127	046F82	4	-	おかくえ	
1128	04703D	4	-	Zはのい	
1129	04713C	10	-	そしせししせさしくえ	
1130	0471AB	15	-	そししせししせししくえおかくえ	
1131	047200	4	-	へはのい	
1132	04721A	15	-	そせしせしししさしせせししさち	
1133	047289	15	-	そせししせししせししせししせち	
1134	0472F8	16	-	そこせしせしししさししせしせくえ	
1135	047368	15	-	そせししさししせししさしししち	
1136	047CDE	15	-	かうういうおおうういうおううく	
1137	047D4D	16	-	かううおううおううおううおうYU	
1138	047D82	5	-	やゆよらり	
1139	047DBC	16	-	かあうういうおううういうおおえけ	
1140	047E2B	14	-	Vおううおううおううおうえけ	
1141	047E99	13	-	かあおううおううおうあえけ	
1142	047F09	9	-	かあおううういえけ	
1143	047F79	6	-	かあおうえけ	
1144	048B66	10	-	Vうおううおううおく	
1145	048BD3	12	-	Vおううおううおううえけ	
1146	048C41	11	-	かううおううおううえけ	
1147	048CAF	10	-	Vういうういうおえけ	
1148	048D1C	10	-	Vおううおううあえけ	
1149	048D89	9	-	Zあうおおううえけ	
1150	048DF9	6	-	かううおえけ	
1151	048E68	4	-	かあえけ	
1152	049A53	6	-	Zあうういく	
1153	049AC3	5	-	かおうおく	
1154	049CB4	13	-	Vおううおううおうういえけ	
1155	049D21	13	ptr@0198AD	Vうううおううおううおえけ	
1156	049D8D	14	-	PVおうういうういうおあえけ	
1157	049DFB	12	-	Vううおううおううおえけ	
1158	049E68	13	-	ZあういうおううおううYU	
1159	049ED8	12	-	かうおううえあういうえけ	
1160	049F47	5	-	かあおえけ	
1160	049F4D	5	-	かあえけP	
1161	04A73C	7	-	ゆVあよはのら	
1162	04BC82	4	-	ゆVあら	
1163	04C386	13	-	おせししせししせすつPRQ	
1164	04C45E	15	-	Qおしししせししせししせしくえ	
1165	04C4CB	20	-	おかせしせししせししせししせこすつQQQ	
1166	04C518	4	-	Zはのら	
1167	04C539	15	-	せししせししせししせししせこつ	
1168	04C683	10	-	しせししせししこすつ	
1169	04C6F1	9	-	せししせししせくえ	
1170	04C75F	10	-	しせさししさししさち	
1171	04C83B	10	-	しせししせししせすつ	
1172	04C917	7	-	ししさしこすつ	
1173	04C985	5	-	せししすつ	
1174	04C9F3	4	-	しこすつ	
1175	04CBB8	8	-	おかくえおかくえ	
1176	04CC24	11	ptr@000BCD	おかししせししせしさち	
1177	04CD69	15	-	おかせしせさしせししせししすつ	
1178	04D23A	21	-	そしせしせしししせししせししせししせしすつ	
1179	04D255	15	-	おしししせししせさしせせしさち	
1180	04D29F	4	-	おかくえ	
1181	04D2A8	20	-	Pそししさしせしししさしせさししさしすつ	
1182	04D2C1	18	-	おかせししせししせししせししせせすつ	
1183	04D30B	7	-	おかせししせち	
1184	04D318	17	-	そこしせししせししせししせしこすつ	
1185	04D377	10	-	おかしさししさしせち	
1186	04D388	13	-	そししさしすつそせししすつ	
1187	04D39A	19	-	おしせししせししせししせししせししすつ	
1188	04D3E4	13	-	おしせししせししせししくえ	
1189	04D3F7	11	-	そこしすつQQそこすつ	
1190	04D407	19	-	おせししせししせししこせすつそこせすつ	
1191	04D451	19	-	おせししせししせししせしこすつQQQQ	
1192	04D474	13	-	おせししせししせししせくえ	
1193	04D4E1	15	-	けこしせさししさしせさしせすつ	
1194	04D551	12	-	そこしせししせししこすつ	
1195	04D56A	7	-	おかちおかくえ	
1196	04D5C1	8	-	そこせししせすつ	
1197	04D5D6	10	-	おかせししせししさち	
1198	04D5FD	4	-	おかくえ	
1199	04D631	5	-	そこせすつ	
1200	04D643	13	-	おせししせししせししせくえ	
1201	04D657	5	-	そこしすつ	
1202	04D669	8	-	おかせししさくえ	
1203	04D6B0	15	-	けせしせさしせししせさししさち	
1204	04D6D7	9	-	しししせししせしち	
1205	04D71F	15	-	そせししせししせししせししせち	
1206	04D745	10	-	しせししせしししすつ	
1207	04D78E	15	-	そせししせさしせししせししすつ	
1208	04D7B3	12	-	しししせししさすつQQQ	
1209	04D7FD	13	-	そしせししすつそさししすつ	
1210	04D821	8	-	ししさしせこすつ	
1211	04D84C	5	-	れろわをん	
1212	04D86C	5	-	そこせすつ	
1213	04DA03	8	-	ゆはのよあVWら	
1214	04E319	4	-	ゆはのい	
1215	04E429	4	-	おかくえ	
1216	04E497	6	-	しせしさちP	
1217	04E505	6	-	ししせししち	
1218	04E573	8	-	せししせししくえ	
1219	04E72B	9	-	しせしせさこせすつ	
1220	04E799	6	-	ししこしすつ	
1221	04E8BF	4	-	ゆVよい	
1222	04F127	4	-	ゆはのい	
1223	04F60D	4	-	おかくえ	
1224	04F725	4	-	おかくえ	
1225	04F753	10	-	おしせししせししすつ	
1226	04F791	11	-	おかしせしさちおかくえ	
1227	04F7C0	10	-	おしさししさしせすつ	
1228	04F7ED	9	-	しせさくえおかちP	
1229	04F7FE	13	-	おしせししせししせししさち	
1230	04F85B	9	-	せししせししせしち	
1231	04F86B	15	-	おせししせししせししせせしすつ	
1232	04F898	11	-	おかせししせししせしち	
1233	04F8C9	11	-	しせしししさしせしくえ	
1234	04F8D8	15	-	おさししせししせししせしこすつ	
1235	04F937	12	-	せししせししせししせすつ	
1236	04F945	14	-	おせししさしすつそこさしすつ	
1237	04F9A5	11	-	しせししせししせこすつ	
1237	04F9B1	9	-	Pけししせしこすつ	
1238	04FA13	9	-	さししせししこすつ	
1239	04FA21	5	-	そせしすつ	
1240	04FA81	7	-	しせししせすつ	
1241	04FABD	11	-	そしせしすつそこせすつ	
1242	04FF45	21	-	けしせしさせししさせさせしさしせしさしすつ	
1243	04FFB4	19	-	そしさせししさししせしせしさしせしすつ	
1244	04FFCB	18	-	おしせしせしししせしせしせしせしすつ	
1245	050023	18	ptr@037482,04224C,04F594	そしさせさせさせしさしさせせしさくえ	
1246	050038	16	ptr@04F51B,05A3FE,06276E	おせしさしししさせしさしさしすつ	
1247	050093	17	-	そしせしせしさしさせししさししすつ	
1248	0500A6	14	ptr@061865	そしさせししせししさせしすつ	
1249	050102	14	-	そしせさせしさせしせしせすつ	
1250	050115	9	-	そこしさせしさすつ	
1251	050171	12	-	そこさしさすこしさしすつ	
1252	05023D	4	-	しさくえ	
1253	0502AB	6	ptr@008F98,009127,009269	させさせかち	
1254	050319	7	-	ししせししすつ	
1255	050387	5	-	させしすつ	
1256	050475	11	-	おかせしせくえおかくえ	
1257	05049B	4	ptr@003527	Zはのら	
1258	0504E1	14	-	おかししせさしさししせしせち	
1259	05054D	17	-	おかせしさせししさししせしさししち	
1260	0505B7	23	-	おくえおしささしせしさせししさしせししせさくえ	
1261	050841	6	-	くえおかくえ	
1262	0508AF	7	-	さししせしせち	
1263	05091D	8	-	ししせしさししち	
1264	05098B	10	-	さししせししせさくえ	
1265	0509F9	11	-	せしせしこすしせしすつ	
1266	050A67	5	-	しさしすつ	
1267	050AE4	7	-	おかししせくえ	
1268	050B50	11	-	おかしさせせししせくえ	
1269	050BBC	15	-	おかせししせししさしししせかち	
1270	050BED	6	-	おかしせくえ	
1271	050C29	17	-	おさししさせしさせしせしさししすつ	
1272	050C59	10	-	おかしさせししせくえ	
1273	050C96	16	-	おしせしせししせししせしせせすつ	
1274	050CC6	13	-	おさししせしせしせさせかち	
1275	050D03	15	-	おせしさせしさせしせししさすつ	
1276	050D34	14	-	そしせしさせしせしせししすつ	
1277	050D71	14	-	そししせしせししさしさせすつ	
1278	050DA3	11	-	そしせししさしさしすつ	
1279	050DE0	11	-	そこしさししさししすつ	
1280	050E12	8	-	そしさせししすつ	
1281	050E81	5	-	そこしすつ	
1282	050EB3	4	-	しせくえ	
1283	050F21	6	-	しししせくえ	
1284	050F42	7	-	うえおしさくえ	
1285	050F8F	8	-	させしせさせかち	
1286	050FAF	10	-	おしせしさせさせかち	
1287	050FFD	9	-	ししせしせししすつ	
1288	05100D	7	-	おかししさくえ	
1289	05101C	12	-	おさしさせししせししすつ	
1290	05106B	7	-	しさしさしすつ	
1291	051079	11	-	おかししせしせしさくえ	
1292	05108A	10	-	そしさせしさせしすつ	
1293	0510D9	5	-	さししすつ	
1294	0510E5	15	-	おかしさせさししさしせしさくえ	
1295	0510F9	7	-	そこしさしすつ	
1296	051152	18	-	おさししせししせさせさしさせしさかち	
1297	0511C0	20	-	そしせしさせさせせししせせしせしせせかち	
1298	0511EE	7	-	おかししせくえ	
1299	05122F	20	-	そしせししせししせししせししせしししすつ	
1300	05125A	11	-	おかしさせせししせくえ	
1301	05129E	17	-	そしさせしさせしさししさせしせすつ	
1302	0512C6	15	-	おかせししせししさしししせかち	
1303	05130D	14	-	そこしさせしせしせさしせすつ	
1304	051333	17	-	おさししさせしさせしせしさししすつ	
1305	0513A0	16	-	おしせしせししせししせしせせすつ	
1306	05140D	15	-	おせしさせしさせしせししさすつ	
1307	05147B	14	-	そししせしせししさしさせすつ	
1308	0514D1	4	-	おかくえ	
1309	0514EA	11	-	そさしさししさししすつ	
1310	05153E	7	-	おしせししくえ	
1311	051569	6	-	おしせしくえ	
1312	0515A6	15	-	うえおくえおしさしせさしせくえ	
1313	0515D6	9	-	おしせしししせかち	
1314	051612	19	-	おかしさししさせしせしさせしししさかち	
1315	051643	11	-	おしせしせしさししすつ	
1316	05167E	22	-	おかししせしさせししせしさせしささせししすつ	
1317	0516AF	11	-	おかせししさせせせすつ	
1318	0516EA	22	-	おかしせさせしせししさししせしせしせししすつ	
1319	05171B	11	-	おかしさしせさせしすつ	
1320	051757	21	-	おしさししせしさしさせししさしししさしすつ	
1321	051788	12	-	おさしせしししせしさくえ	
1322	0517C4	21	-	おしせしせししさしさせしさししせさせしすつ	
1323	0517F6	14	-	そしせしさしせしさせしせくえ	
1324	051831	20	-	おささしせしさしせしせしさしせさししすつ	
1325	051865	15	-	そしさせししさししせししせかち	
1326	05189E	18	-	おしせしせしししせしせしせしせしすつ	
1327	0518B6	7	-	おくえおかくえ	
1328	0518D4	15	-	そこしさせしさせしせさししすつ	
1329	05190B	16	-	おせしさしししさせしさしさしすつ	
1330	051923	9	-	おししさしせししち	
1331	051946	9	-	そこししさしせすつ	
1332	051979	14	-	そしさせししせししさせしすつ	
1333	05198F	12	-	おかせしせしさしせしせち	
1334	0519E8	9	-	そこしさせしさすつ	
1335	0519FC	15	-	おしせしさししせさしさしさくえ	
1336	051A68	18	-	おかしせしさせさせししさしせししすつ	
1337	051AD4	17	-	おかしさししさせしししさしせしすつ	
1338	051B41	16	-	おさししせさしせしせさせしせすつ	
1339	051B97	5	-	しせしくえ	
1340	051BAF	15	-	そしせしさしせしさししししすつ	
1341	051C05	7	-	させししせくえ	
1342	051C1E	12	ptr@05D3A6	そしさせししせしししすつ	
1343	051C73	9	-	せしさせししせくえ	
1344	051C8D	9	-	そこしさせしさすつ	
1345	051CE1	11	-	しさせしさしししせかち	
1346	051D4F	12	-	せせしせしせしさししすつ	
1347	051DBD	10	-	ししさしせしせせすつ	
1348	051E2B	8	-	しせせししさすつ	
1349	051E99	7	-	させしさせすつ	
1350	051F07	5	-	ししせすつ	
1351	0521C3	8	-	ゆはのVVはのい	
1352	052220	7	-	おかししせくえ	
1353	05228C	11	-	おかしさせせししせくえ	
1354	0522F8	15	-	おかせししせししさしししせかち	
1355	052365	17	-	おさししさせしさせしせしさししすつ	
1356	0523D2	16	-	おしせしせししせししせしせせすつ	
1357	05243F	15	-	おせしさせしさせしせししさすつ	
1358	05249D	8	-	しせくえおかくえ	
1359	0524AD	14	-	そししせしせししさしさせすつ	
1360	05250B	9	-	さしさししせしせち	
1361	05251C	11	-	そさしさししさししすつ	
1362	052579	10	-	しさししせしさししち	
1363	0525E7	12	-	せししさしせししせさくえ	
1364	05263F	8	-	ゆはのVVはのい	
1365	052655	13	-	しさしせこししせさせしすつ	
1366	052679	7	-	おかししせくえ	
1367	0526C3	5	-	させしすつ	
1368	0526E5	11	-	おかしさせせししせくえ	
1369	052731	4	-	せしすつ	
1370	052751	15	-	おかせししせししさしししせかち	
1371	0527BE	17	-	おさししさせしさせしせしさししすつ	
1372	052C72	17	-	けこしさししさせしせさしせさししち	
1373	052C8B	15	-	けこしさししさせしせさししくえ	
1374	052CA0	19	-	おせししせさしせせししさししさししくえ	
1375	052CE2	16	-	そしせせししさししさせしさせすつ	
1376	052CFB	14	-	そしさせししさせしさせしすつ	
1377	052D0D	21	-	けこしせさししさせしさせししさしさせしすつ	
1378	052D51	14	-	そこしさせしさせししさしすつ	
1379	052D6A	12	-	そこしさせししせししすつ	
1380	052D7D	14	-	そせししせししせししすこすつ	
1381	052DC3	9	-	そこせしさせしすつ	
1382	052DCF	6	-	おかくえうえ	
1383	052DDA	9	-	そこしこすしさすつ	
1384	052DEC	10	-	そこせしさししせすつ	
1384	052DF7	3	-	ずぜぞ	
1385	052E3C	8	-	おしさしせししち	
1386	052E5C	7	-	そこしせせすつ	
1387	052EA9	10	-	おししせさしさせしち	
1388	052F15	13	-	おかしせさししせししせすつ	
1389	052F82	13	-	おししせししせさしせせすつ	
1390	052F95	6	-	おかくえうえ	
1391	052FEF	13	-	おしせさししせししさせすつ	
1392	053001	10	-	おかししせししせくえ	
1393	05305C	13	-	けこせししさせしさしせすつ	
1394	05306E	12	-	おせしさせしせさししせち	
1395	0530CB	10	-	おししせししせせすつ	
1396	0530DB	14	-	おししせししさしせしせせすつ	
1397	053138	10	-	おししさしさししすつ	
1398	053147	15	-	おかしせさしせせししさせしすつ	
1399	0531A5	10	-	けこせしししせしすつ	
1400	0531B4	15	-	けこせさししさせしせせししすつ	
1401	053211	3	-	ゆVい	
1401	053215	7	-	そこさせしすつ	
1402	053224	12	-	そしせしししさせしせすつ	
1403	053236	4	-	おかくえ	
1404	053293	9	-	そこしせしししすつ	
1405	0532A2	9	-	おかさししすつZら	
1406	05330F	7	-	おしさしせすつ	
1407	053366	4	-	おかくえ	
1408	05337B	8	-	おかせししせすつ	
1409	0533E8	8	-	おしさしせしすつ	
1410	05343B	14	-	おくえおかしさしさしせしすつ	
1411	0534A6	16	-	ゆいけしせししせししさせしせすつ	
1412	053585	10	-	おさししせししこすつ	
1413	0535F3	9	-	そしせしししさくえ	
1414	053662	9	-	そこしさせしせすつ	
1415	0536DC	4	-	おかくえ	
1416	0537F9	4	-	おかくえ	
1417	053821	14	-	おしせししせししさすつQQQ	
1418	053866	11	-	おししせしくえおかくえ	
1419	05388E	11	-	おせししさせしせせすつ	
1420	0538D3	13	-	けしせさしせししししさしち	
1421	0538FB	11	-	けししせさせしさせすつ	
1422	053942	13	-	そししさしさせさせしせしち	
1423	05396A	9	-	そしせしさせしすつ	
1424	0539D8	8	-	おししさせしすつ	
1425	053A1D	7	-	けししせせすつ	
1425	053A25	6	-	そこしせすつ	
1426	053A45	8	-	おしせさししすつ	
1427	053A8C	5	-	そしさすつ	
1428	053AB2	8	-	けこせししせすつ	
1429	053B4A	7	-	おせしせさせち	
1430	053C45	4	-	おかくえ	
1431	053CB2	6	-	おししさせち	
1432	053CFF	11	-	そせさしせさししせすつ	
1433	053D1F	9	-	Pそせししせしくえ	
1434	053D6E	9	-	そしせししせさすつ	
1435	053D8F	9	-	そしせしせさしくえ	
1436	053DDC	9	-	おせししさせしくえ	
1437	053E4A	10	-	そしせせししさせすつ	
1438	053E6A	10	-	おしせせしさせしすつ	
1439	053EB5	3	-	ラリル	
1439	053EB9	8	-	そこしさせしすつ	
1440	053ED8	9	-	そせししせししすつ	
1441	053F29	5	-	そこしすつ	
1442	054068	4	-	おかくえ	
1443	0540D5	7	ptr@01C7A4	おしせししくえ	
1444	054142	9	-	おしさしさししすつ	
1445	0541AF	10	-	けさせししせさしくえ	
1446	05421E	10	-	そしせさししせせすつ	
1447	05428D	8	-	そししせさしすつ	
1448	0542FC	6	-	そこししすつ	
1449	05442F	4	-	おかくえ	
1450	05449C	7	-	おししせせくえ	
1451	05450A	8	-	そしさししさしち	
1452	054578	9	ptr@005848,0129B3	おせしせしせせしち	
1453	0545E5	11	-	おししさしさししせすつ	
1454	054652	11	-	おしさせししせしせすつ	
1455	0546C0	10	-	そせしせしせしせすつ	
1456	05472F	8	-	そこしさしせすつ	
1457	05479F	5	-	そこせすつ	
1458	054893	4	-	おかくえ	
1459	054900	7	-	おししせせくえ	
1460	05496E	8	-	そしさししさしち	
1461	0549DC	9	-	おせしせしせせしち	
1462	054A49	11	-	おししさしさししせすつ	
1463	054AB7	10	-	そさせししせしせすつ	
1464	054B26	8	-	そせしせしせすつ	
1465	054B95	6	-	そせしせすつ	
1466	054EE7	4	-	おかくえ	
1467	054F54	6	-	おせししせち	
1468	054FC0	9	-	おかししせさせすつ	
1469	0551E3	6	-	そししせすつ	
1470	055252	4	-	そせすつ	
1471	05598F	43	-	PRSPSSPSRPQQQQおかしせせしせししせしししさしせさしせししせさしししせすつ	
1471	0559BB	31	-	、!?!!!!!!!!!!!!!!!!!?!!!?!?!?:/	
1472	0559FE	41	-	QRPRQPRRQQQQおししせししせししさししせししせししせしししししせしせすつ	
1472	055A28	30	-	,?!!!!!!!!!!!!!!!!!!!?!!!!?=:.	
1473	055B45	41	-	ずぜぞQQQQRQQQQおせししせしせしししせししせししせすこせさしせしししせすつ	
1474	055BBE	19	-	おせししせししししししししせししこすつ	
1474	055BD2	9	-	そししししせさすつ	
1475	055C2B	18	-	けこしせさしせささせさしせさしこすつ	
1476	055C41	7	-	そこさせしすつ	
1477	055C9B	14	-	そししせししせししししこすつ	
1478	055D0A	11	-	そこしせししせせこすつ	
1479	055D7A	7	-	そこしせしすつ	
1480	05601D	29	-	ヴ:??!?!!!???!?!??!!???!!!??!『	
1481	0560FD	24	-	ヴ?!?!!!!?!!?!????!!??!?.	
1482	0562B2	24	-	EOOに,?!?!??!!!?!!?!!?!?/	
1483	05638E	23	-	ねOOな‥??!??!!!?!!??!?!:.	
1484	056401	16	-	%??!?!?!!!?!!??/	
1485	05646F	15	-	%?!?!?!!??!?!?&	
1486	05654B	15	-	‥?!??!!!!!????&	
1487	056628	14	ptr@009068	‥?!???!!???!』.	
1488	056697	12	-	ヴ??!??』!?=:/	
1489	0569B4	12	-	けこしせさしせさしこすつ	
1490	056A24	8	-	そししせししすつ	
1491	056A5D	7	-	おかくえおかち	
1492	056AC9	11	-	おかせしさししせしくえ	
1493	056B36	14	-	おせしししししせししせしくえ	
1494	056B68	5	-	%???。	
1495	056B89	4	-	ゆはのい	
1496	056BA3	16	-	おせしせせししさしせせしさししち	
1497	056BD5	7	-	、?????。	
1498	056C7C	19	-	おせししさししさしせしししさしせせすつ	
1499	056CE9	19	-	おししせしししししせししせししせしすつ	
1500	056E9B	19	-	QQおしししせししせししさししせししち	
1501	056F09	21	-	おかせししさしせしししさししさしせせせくえ	
1502	056F76	23	-	おせししせししさししせししせししせししせしさち	
1503	056FE3	25	-	おしししせししせしせせしせしししせしせさしせしすつ	
1504	057050	25	-	おししせしししししせしししししせししせししせこすつ	
1505	0570BD	23	-	けしせさしせせししさしせせししさしせせしこすつ	
1506	05712C	20	-	そししせししせしししししせししせしこすつ	
1507	05719B	20	-	そせししさしせししせさしせしこすつQQQ	
1508	0572D5	4	-	ゆあVら	
1509	057322	7	-	ヴ?????/	
1510	05752D	4	-	Zはのら	
1511	057651	3	-	はのま	
1512	0578AA	4	-	おかくえ	
1513	057916	11	-	おかしせしさくえおかち	
1514	057982	15	-	おかしせししせししせししさくえ	
1515	0579EF	17	-	おしせししせさしせせしせしせしさち	
1516	057A5C	20	-	おしせししせししせししせししせしせしくえ	
1517	057AC9	22	-	おしせしせししせししせししせさしししせしさち	
1518	057B36	24	-	おせししせししせししせししせしししせしさしせせち	
1519	057C12	27	-	そせししせししせししさしせしししせししせししせししさち	
1520	057C81	30	-	そせせしせせしせさしせししせさしせししせさしせしせすつィゥェ	
1521	057CF0	25	-	そしせししせししせしししししせししさししせしこすつ	
1521	057D0A	3	-	ォャュ	
1522	057D60	21	-	そせさしせししせさしせさしせさししせこすつ	
1523	057DCF	17	-	そしせししせししせししせししせすつ	
1524	057E3E	12	-	そしせせしせさしせしすつ	
1525	057FFC	4	-	Zはのら	
1526	058059	4	-	Zはのら	
1527	05806E	4	-	おかくえ	
1528	0580DA	11	-	おかしせしさくえおかち	
1529	0588F5	6	-	おかせしすつ	
1530	058911	4	-	おかくえ	
1531	058962	7	-	おさししせくえ	
1532	05897E	6	-	おしさしせち	
1533	0589A6	4	-	おかくえ	
1534	058A13	6	-	おせししせち	
1535	058A3C	9	-	おししせししせすつ	
1536	058A80	8	-	おせしせさしすつ	
1537	058AA9	9	-	おしせししせしすつ	
1538	058AC7	11	-	そこししせししせしすつ	
1539	058AED	9	-	おししせししすつQ	
1540	058B16	9	-	けしせししせしすつ	
1541	058B36	9	-	Qそこすこせしすつ	
1542	058B84	8	-	おさししさししち	
1543	058BF1	10	-	おししせししせしすつ	
1544	058C5D	11	-	おかしせししせししすつ	
1545	058CA2	7	-	おししせししち	
1546	058CC9	12	-	おかししせししせししすつ	
1547	058D33	15	-	クケコけせしせさししさしこすつ	
1548	058DA1	3	-	サシス	
1548	058DA5	9	-	そせししせしこすつ	
1549	058E0D	4	-	ゆあVら	
1550	058E14	6	-	そこせしすつ	
1551	058EEE	7	-	おかくえおかち	
1552	058F2D	12	-	NOOぬけこせししせしち	
1553	058F53	4	-	Zはのら	
1554	058F5A	10	-	おかしせししせしすつ	
1555	058FC6	11	-	おかししさしせししすつ	
1556	059032	12	-	Xけししせししせしこすつ	
1557	05934A	4	-	そこすつ	
1558	05956B	14	-	おかしせししせししせししせち	
1559	0595D9	15	-	そしせししせししせししせししち	
1560	0596B7	7	-	そこしせしすつ	
1560	0596BF	5	-	そこしすつ	
1561	05970E	4	-	Zはのら	
1562	059714	4	-	おかくえ	
1563	059780	7	-	おかししせしち	
1564	0597E7	4	-	Zはのら	
1565	059859	10	-	おせししせししせすつ	
1566	0598C6	10	-	けこししせしせしすつ	
1567	0599B2	5	-	Qおかくえ	
1568	059B56	28	-	おかくえQQPRSPRそしせせしせこしこすしせさしせすつ	
1569	059BC2	7	-	おかせししせち	
1570	059BDA	5	-	そこせすつ	
1571	059C3F	4	-	そこすつ	
1572	059C9B	15	-	おかせししせししせししすつQQ	
1573	059CB4	4	-	おかくえ	
1574	059D08	13	-	おせししせししこししせすつ	
1575	059D1C	11	-	おかくえおかしせししち	
1576	059D75	9	-	おしししせししすつ	
1576	059D7F	3	-	だぢづ	
1577	059D88	17	-	おかせしせしししさししさすつQPQ	
1578	059DE2	9	-	けせしせさしせすつ	
1579	059DF5	14	-	おせししせししせししせしすつ	
1580	059E51	7	-	そこししせすつ	
1581	059E62	14	-	けせししさしせししこせしすつ	
1582	059EC1	4	-	そこすつ	
1583	059ED1	9	-	そせししせししすつ	
1584	059F40	7	-	そこせしさすつ	
1585	05A06D	12	-	おせししせししせこしすつ	
1586	05A07C	4	-	Zはのら	
1587	05A0D3	5	-	ぐげござじ	
1587	05A0D9	11	-	ゆいそしせさしこせすつ	
1588	05A14A	5	-	そししすつ	
1589	05A1AF	12	-	ゃゅょっアZよはのVWい	
1590	05A228	8	-	ゆVWらゆはのら	
1591	05A328	4	-	Zはのら	
1592	05A40C	4	-	おかくえ	
1593	05A478	7	-	おかせししさち	
1594	05A4E4	10	-	おかしさしせこしすつ	
1595	05A550	9	-	おかせしししこすつ	
1596	05A5B0	4	-	Zはのら	
1597	05A62A	6	-	おしさしすつ	
1598	05A697	6	-	おせししすつ	
1599	05A6FA	8	-	おかくえおかくえ	
1600	05A766	12	-	おかせしせしししさしくえ	
1601	05A783	4	-	ゆVあら	
1602	05A7D3	14	-	おせししせししせししせししち	
1603	05A7EC	4	-	おかくえ	
1604	05A840	16	-	けせししさしせししこせしせししち	
1605	05A856	9	-	QQおかせししさち	
1606	05A8A6	7	-	おかくえおかち	
1607	05A8AF	19	-	そこししせしこすつそこししさすつRRQ	
1608	05A8C4	10	-	おかしさしせししすつ	
1609	05A90F	13	-	おかくえおししせしししさち	
1609	05A91D	7	-	QQそこしすつ	
1610	05A928	19	-	そせすつRPRQおかせしししせししすつ	
1611	05AB2E	9	-	けせししさしこすつ	
1612	05AB9D	6	-	そこししすつ	
1613	05AD52	4	-	ゆはのら	
1614	05B585	5	-	おかししえ	
1615	05B5EF	14	-	うえおかししさしさかくえQQ	
1616	05B65B	15	-	おかしさしせしさしさせさしすつ	
1617	05B6BE	25	-	めめおかくえおかくえおせししこししさこすせしせすつ	
1618	05B796	17	-	QQRRけこさししせしさせしさすつ	
1619	05B80B	9	-	そししさせししすつ	
1620	05B87A	8	-	そさせせしさくえ	
1621	05B958	5	-	そせさしえ	
1622	05B9C6	6	-	おせしさすつ	
1623	05BA33	7	-	おししせせくえ	
1624	05BA9F	10	-	おかしさせししせすつ	
1625	05BB0B	11	-	おかしせしせさせしすつ	
1626	05BB78	10	-	おしさししせさせすつ	
1627	05BBDD	6	-	せしせかくえ	
1628	05BC4B	16	-	しさせしせすつけここさしすせすつ	
1629	05BCB9	6	-	さしすせすつ	
1630	05BCC3	4	-	おしくえ	
1631	05BD30	7	-	おししさせくえ	
1632	05BEE2	10	-	おさせせしせせすしち	
1633	05BF4F	9	-	けここさしすせすつ	
1634	05C00F	6	-	おかしさしえ	
1635	05C074	4	-	Zはのれ	
1636	05C07C	9	-	おししさしさせくえ	
1637	05C0E9	11	-	おしせししさせせせすつ	
1638	05C156	11	-	おしさしささせししすつ	
1639	05C1C3	9	-	おささせさせさすつ	
1640	05C230	9	-	けここさしすせすつ	
1641	05C30D	6	-	おしさしくえ	
1642	05C37A	9	-	おしさしせしさくえ	
1643	05C3E6	13	-	おかしせししししせせせくえ	
1644	05C453	18	-	おしさししさせさせししせせすつりVい	
1645	05C4C0	15	-	おさししさししししささせしすつ	
1646	05C52D	15	-	おせせさししさせさしししせすつ	
1647	05C59A	15	-	おしししささせししせししせすつ	
1648	05C607	15	-	おさせさししさせさししさせすつ	
1649	05C674	15	-	けここしささせさししししせすつ	
1650	05C6E5	11	-	そしさせしさせさせすつ	
1651	05C754	10	-	そせししししせせすつ	
1652	05C82E	3	-	バビダ	
1652	05C832	6	-	そここしすつ	
1653	05C904	5	-	おかしさえ	
1654	05C96E	11	-	うえおかせさしせせくえ	
1655	05C9DC	13	-	おしさささししせさしせくえ	
1656	05CA49	16	-	おせししさせしせさせしさしせくえ	
1657	05CAB8	16	-	そしさししせさせささししさししえ	
1658	05CB18	5	-	おかしさえ	
1659	05CB27	18	-	おしせしさせししせしせしせしさかくえ	
1660	05CB84	10	-	おかししせしせかくえ	
1661	05CB96	18	-	そこせしさしせさしさししさせししすつ	
1662	05CBF2	11	-	そしさせしさせしせすつ	
1663	05CC06	15	-	そこしこししすしさすしこせすつ	
1664	05CC61	9	-	そここさしすせすつ	
1665	05CD9A	4	-	Zはのれ	
1666	05D2A3	10	-	おしさししさせせすつ	
1667	05D311	8	-	さしせしせせすつ	
1668	05D37F	7	-	せせしさしすつ	
1669	05D3ED	6	-	そしせししえ	
1670	05D45C	8	-	そしさせしかくえ	
1671	05D4CB	10	-	そせししせししかくえ	
1672	05D537	13	-	』?!そしせしさせしせすつ	
1673	05D5A5	3	-	、。ヴ	
1673	05D5A9	8	-	そここしすせすつ	
1674	05D81A	5	-	おかししえ	
1675	05D8F2	13	-	おしさしさしさしささしすつ	
1676	05D95F	13	-	おししせしせしせしせしすつ	
1677	05D9CC	13	-	おせしさしさしさしさせすつ	
1678	05DA10	4	-	りVるい	
1679	05DA77	6	-	Pおかしさえ	
1680	05DAE4	10	-	おかししせしせかくえ	
1681	05DB26	4	-	おしくえ	
1682	05DB52	11	-	そしさせしさせしせすつ	
1683	05DB90	10	-	おしくおししさしくえ	
1684	05DBFD	13	-	おししさせししせせしせくえ	
1685	05DC69	16	-	おかしささしせしさせしさせせすつ	
1686	05F503	4	-	てりVい	
1687	05F522	6	-	おくおかくえ	
1688	05F58F	9	-	おしさしさしせくえ	
1689	05F5FC	12	-	おさせししせしさしすつP	
1690	05F630	4	-	おかくえ	
1691	05F669	11	-	けしせししさしせししつ	
1692	05F69C	8	-	おかしさしせくえ	
1693	05F6D8	9	-	そしさせしさしすつ	
1694	05F709	11	-	けこさせしさししせくえ	
1695	05F746	8	-	けこさしすしすつ	
1696	05F779	10	-	そこせしせしせしすつ	
1697	05F798	4	-	りWれて	
1698	05F7BC	4	-	おかくえ	
1699	05F7C3	6	-	おしささくえ	
1700	05F7E9	7	-	そせしせせすつ	
1701	05F828	20	-	おくしししせくおかしせしせしせくえQQP	
1702	05F857	6	-	けこさしすつ	
1703	05F895	19	-	おししさせさししさしさしせしせししすつ	
1704	05F902	19	-	おささしせさせししせししせしせこしすつ	
1705	05F930	9	-	おくおかさしさくえ	
1706	05F96E	18	-	Xけしせしさせしさしさしせししさすつ	
1707	05F99D	12	-	おしさしさしせししさくえ	
1708	05F9DE	15	-	そししせさしさしせししさしせえ	
1709	05FA0A	14	-	おさせししせさしせさししすつ	
1710	05FA4C	17	-	けこさしせしせしさせしせさせさくえ	
1711	05FA77	14	-	けしせししさしせさせしししつ	
1712	05FABC	16	-	そさしすせしさししさせしさしすつ	
1713	05FAE6	12	-	そしさせしさしせししすつ	
1714	05FB2E	11	-	そしせししせしせししつ	
1715	05FB54	11	-	けこさしすしせさしすつ	
1716	05FB9C	10	-	けこしさしすしせすつ	
1717	05FC3B	6	-	おしさしくえ	
1718	05FC7B	9	-	おくおかさしさくえ	
1719	05FC8D	6	-	おしさせくえ	
1720	05FCA8	8	-	おさししせしすつ	
1721	05FCE8	12	-	おしさしさしせししさくえ	
1722	05FCFA	8	-	おさせしさしすつ	
1723	05FD15	8	-	おしせしせさすつ	
1724	05FD55	14	-	おさせししせさしせさししすつ	
1724	05FD64	11	-	EOなけしせしししすつ	
1725	05FD82	9	-	おせしししさしすつ	
1726	05FDC2	14	-	けしせししさしせさせしししつ	
1727	05FDD6	7	-	そしさせしくえ	
1728	05FDEE	10	-	おくせしさせさせしつ	
1729	05FE31	12	-	そしさせしさしせししすつ	
1730	05FE44	8	-	けしししさしすつ	
1731	05FE5B	10	-	おしさしさししせすつ	
1732	05FE9F	11	-	けこさしすしせさすすつ	
1733	05FEB2	8	-	けせしせさせくえ	
1734	05FEC8	11	-	おさせししせしさしすつ	
1735	05FF20	10	-	おしささしさしせくえ	
1736	05FF35	11	-	けしせししさしせししつ	
1737	05FF8D	13	-	おさせしせさしさしささくえ	
1738	05FFA4	9	-	そしさせしさしすつ	
1739	05FFF9	16	-	Pけしせししさしせしさせししすつ	
1740	060012	8	-	けこさしすしすつ	
1741	060069	13	-	そしさせししささせせししつ	
1742	0600C3	5	-	おかかくえ	
1743	0600D6	13	-	Pけこさしすさしすさしすつ	
1744	06011D	4	-	おかくえ	
1745	060130	8	-	おしさししせくえ	
1746	060189	8	-	おかしさしせくえ	
1747	06019D	10	-	おさせししせさしすつ	
1748	0601B0	15	-	おかかくえおくえおかかくおくえ	
1749	0601F6	10	-	けこさせしさししすつ	
1749	060201	19	-	12ゆOOOOOなけしせししさせししつ	
1750	06021D	18	-	おしせしさしさせしせしせしししせくえ	
1751	060266	8	-	そしせしせしくえ	
1752	060279	8	-	そしさせししすつ	
1753	06028A	24	-	おさせさししせしせしせしせしさしさしすつFOO3	
1754	0602D5	9	-	そさせしさしすつP	
1755	0602E7	7	-	おしせしさすつ	
1756	0602F7	20	-	けしせししささしさしせしさしさしさししつ	
1757	060344	7	-	そしせしさくえ	
1758	060351	11	-	OOぬおしせしさしすつ	
1759	060366	18	-	そしさしせしせしせしさせせししさすつ	
1760	0603B2	8	-	おさしさせしすつ	
1761	0603D6	15	-	そせしさしさせしせししさせしつ	
1762	06041F	8	-	おしせさせしすつ	
1763	060431	6	-	そせせしすつ	
1764	060443	15	-	おかしさせしせしせしさせせすつ	
1765	06049F	6	-	けこしさくえ	
1766	0604B0	15	-	おしせせししさしさしさせしすつ	
1767	0604FC	6	-	そさししすつ	
1768	060510	5	-	そしすつX	
1769	06051D	13	-	おさせししさせしせししすつ	
1770	06058A	12	-	けしせしさせせしさしすつ	
1771	0605EA	13	-	おかくおくえりWむむUTい	
1772	0605F9	8	-	けこさしすしすつ	
1773	060643	9	-	Qけこさしすしすつ	
1774	060657	12	-	けこささせしすつFOOに	
1775	0606C7	5	-	そせしすつ	
1776	060725	4	-	おかくえ	
1777	060735	4	-	おしすつ	
1778	060790	9	-	おおかしさしせくえ	
1779	06086E	8	-	そしせしせしくえ	
1780	0608DD	9	-	そさせしさしすつP	
1781	06094C	7	-	そしせしさくえ	
1782	060FE8	4	-	おかセス	
1783	061054	8	-	おかししコサくえ	
1784	0610C0	12	-	おかせしサししせしさセス	
1785	06112C	15	-	おかしサしせししせしサししコち	
1786	061279	14	-	そこささせサコせすさこさすつ	
1787	0619DD	15	-	ねOOにけしせしさせししさすつ	
1788	061A50	8	-	そししせしさすつ	
1789	061ABE	7	-	Pそこさしすつ	
1790	062955	7	-	おかしせちおえ	
1791	0629C1	10	-	おかしさせしししすつ	
1792	062A2E	10	-	おしさせサコささすつ	
1793	062A99	12	-	おくおしせしししせせすつ	
1794	062AEE	4	-	Zはのれ	
1795	062B06	11	-	おしささせしさしさすつ	
1796	062B74	9	-	そしせししさせすつ	
1797	062BE3	6	-	そこしさすつ	
1798	062CBB	7	-	おくえおしせち	
1799	062D28	9	ptr@02B11E	おしせしささせしち	
1800	062D96	11	-	そせしさしせしさしくえ	
1801	062EA2	4	-	りはのれ	
X001	00CE75	18	ptr@005855,012845	ていいんオーバーです。<01>1ユニットの	Unit is full.
X001	00CE88	18	-	へんせいは5にんまでです。<01>Lサイズ	Max 5 per unit.
X001	00CE9B	18	-	キャラは1たいでふたりぶんとします。	L-size counts 2.
